id,Client_Name,Review
1,Sacha,
2,Maximilien,It was really packed and service was rude
3,Floyd,Still need to improve the taste
4,Karalynn,It was really packed and service was rude
5,Janie,It was really packed and service was rude
6,Augusta,Didn't like it
7,Suzette,Didn't like it
8,Kippar,Still need to improve the taste
9,Flori,Location is bad
10,Eden,Service was not friendly
11,Barton,It was really packed and service was rude
12,Evaleen,Location is bad
13,Nicoline,
14,Howey,Still need to improve the taste
15,Kenneth,I liked this place's service and food a lot!
16,Carleton,Service was not friendly
17,Alexandro,Service was not friendly
18,Laurie,The food was amazing! 5/5
19,Tana,Didn't like it
20,Ibby,I liked this place's service and food a lot!
21,Ashil,
22,Dorthea,The food was amazing! 5/5
23,Kristian,The food was amazing! 5/5
24,Scotti,Service was not friendly
25,Nowell,Location is bad
26,Alvinia,I liked this place's service and food a lot!
27,Darsie,The food was amazing! 5/5
28,Johnathon,Location is bad
29,Bruno,The food was amazing! 5/5
30,Francisca,Service was not friendly
31,Stephie,Still need to improve the taste
32,Rodge,Still need to improve the taste
33,Lawry,Didn't like it
34,Heida,
35,Phil,Location is bad
36,Cathi,The food was amazing! 5/5
37,Aurea,I liked this place's service and food a lot!
38,Oswell,The food was amazing! 5/5
39,Chariot,
40,Gearalt,The food was amazing! 5/5
41,Early,Service was not friendly
42,Zonda,Service was not friendly
43,Alex,Didn't like it
44,Alyosha,Still need to improve the taste
45,Jamal,Still need to improve the taste
46,Richmond,The food was amazing! 5/5
47,Wernher,I liked this place's service and food a lot!
48,Roselle,Didn't like it
49,Danica,I liked this place's service and food a lot!
50,Pietrek,Service was not friendly
51,Andrus,
52,Gregory,Location is bad
53,Bianca,Didn't like it
54,Lucas,Didn't like it
55,Zelma,I liked this place's service and food a lot!
56,Raimondo,Didn't like it
57,Johannes,Location is bad
58,Keslie,Still need to improve the taste
59,Bram,The food was amazing! 5/5
60,Cooper,Location is bad
61,Frankie,
62,Lotta,Service was not friendly
63,Rudy,Didn't like it
64,Herby,It was really packed and service was rude
65,Field,Location is bad
66,Nannie,I liked this place's service and food a lot!
67,Waneta,Service was not friendly
68,Ruthann,It was really packed and service was rude
69,Rosetta,The food was amazing! 5/5
70,Xever,I liked this place's service and food a lot!
71,Charil,Location is bad
72,Adella,
73,Samson,Still need to improve the taste
74,Randy,
75,Shaina,It was really packed and service was rude
76,Goran,I liked this place's service and food a lot!
77,Garret,Didn't like it
78,Zak,The food was amazing! 5/5
79,Frances,Service was not friendly
80,Doyle,Service was not friendly
81,Phip,Didn't like it
82,Trenton,I liked this place's service and food a lot!
83,Jone,It was really packed and service was rude
84,Vevay,Service was not friendly
85,Alexis,Service was not friendly
86,Denni,Still need to improve the taste
87,Giacopo,Service was not friendly
88,Ernaline,I liked this place's service and food a lot!
89,Noami,Service was not friendly
90,Leena,Location is bad
91,Milo,Didn't like it
92,Nicoline,Location is bad
93,Sibeal,Didn't like it
94,Kally,
95,Cord,The food was amazing! 5/5
96,Delmer,I liked this place's service and food a lot!
97,Sue,It was really packed and service was rude
98,Devonne,Location is bad
99,Livvy,Location is bad
100,Pamella,It was really packed and service was rude
101,Briant,The food was amazing! 5/5
102,Margarethe,The food was amazing! 5/5
103,Ilaire,
104,Holmes,It was really packed and service was rude
105,Nana,I liked this place's service and food a lot!
106,Leisha,Service was not friendly
107,Jerome,Location is bad
108,Nissa,I liked this place's service and food a lot!
109,Olvan,The food was amazing! 5/5
110,Stacia,The food was amazing! 5/5
111,Wendie,It was really packed and service was rude
112,Ardene,Still need to improve the taste
113,Beaufort,It was really packed and service was rude
114,Odella,The food was amazing! 5/5
115,Bonnie,I liked this place's service and food a lot!
116,Luella,The food was amazing! 5/5
117,Alina,Still need to improve the taste
118,Rob,Still need to improve the taste
119,Clarita,Didn't like it
120,Alva,Still need to improve the taste
121,Simmonds,I liked this place's service and food a lot!
122,Ronald,Didn't like it
123,Adela,The food was amazing! 5/5
124,Rebekkah,I liked this place's service and food a lot!
125,Emmaline,It was really packed and service was rude
126,Alwyn,Didn't like it
127,Ivor,It was really packed and service was rude
128,Ned,Didn't like it
129,Bronson,It was really packed and service was rude
130,Naomi,Service was not friendly
131,La verne,Location is bad
132,Gerhardine,I liked this place's service and food a lot!
133,Jolynn,Location is bad
134,Greggory,
135,Philomena,Still need to improve the taste
136,Shadow,It was really packed and service was rude
137,Marji,Location is bad
138,Garth,
139,Maxie,The food was amazing! 5/5
140,Niels,Service was not friendly
141,Hazlett,Location is bad
142,Tibold,The food was amazing! 5/5
143,Sari,Didn't like it
144,Bil,Didn't like it
145,Johnny,Service was not friendly
146,Francyne,Location is bad
147,Dino,The food was amazing! 5/5
148,Karol,Location is bad
149,Broddy,Didn't like it
150,Angeline,Location is bad
151,Jobey,It was really packed and service was rude
152,Feodora,Didn't like it
153,Ginnie,Location is bad
154,Boycie,Didn't like it
155,Garry,I liked this place's service and food a lot!
156,Samuel,The food was amazing! 5/5
157,Evie,Service was not friendly
158,Shirlee,I liked this place's service and food a lot!
159,Ricard,I liked this place's service and food a lot!
160,Terry,Location is bad
161,Ahmed,Didn't like it
162,Cilka,Service was not friendly
163,Sterne,Still need to improve the taste
164,Tanny,Still need to improve the taste
165,Germayne,It was really packed and service was rude
166,Lynett,It was really packed and service was rude
167,Alejandro,Location is bad
168,Valaria,Still need to improve the taste
169,Morgen,It was really packed and service was rude
170,Drusi,Still need to improve the taste
171,Leonie,I liked this place's service and food a lot!
172,Francesco,The food was amazing! 5/5
173,Bary,Service was not friendly
174,Ritchie,Didn't like it
175,Brade,It was really packed and service was rude
176,Julian,Location is bad
177,Stirling,Still need to improve the taste
178,Teddie,I liked this place's service and food a lot!
179,Meredith,Location is bad
180,Solomon,It was really packed and service was rude
181,Alonso,Didn't like it
182,Lissie,I liked this place's service and food a lot!
183,Zerk,The food was amazing! 5/5
184,Jenilee,Didn't like it
185,Malorie,It was really packed and service was rude
186,Maynard,The food was amazing! 5/5
187,Godfree,Service was not friendly
188,Jeana,Didn't like it
189,Moira,Didn't like it
190,Roddy,
191,Alard,Service was not friendly
192,Raphaela,The food was amazing! 5/5
193,Aloysia,
194,Cornall,It was really packed and service was rude
195,Aline,Still need to improve the taste
196,Bran,Location is bad
197,Harlin,Service was not friendly
198,Jacquelyn,It was really packed and service was rude
199,Jermaine,The food was amazing! 5/5
200,Chrisy,I liked this place's service and food a lot!
201,Zebulen,Service was not friendly
202,Adolf,Location is bad
203,Vanny,The food was amazing! 5/5
204,Arie,Didn't like it
205,Rani,Didn't like it
206,Trstram,Service was not friendly
207,Marcel,Still need to improve the taste
208,Adella,Location is bad
209,Rica,Didn't like it
210,Mildrid,Service was not friendly
211,Georgianna,The food was amazing! 5/5
212,Madge,Service was not friendly
213,Jules,Still need to improve the taste
214,Erwin,Still need to improve the taste
215,Marley,Still need to improve the taste
216,Beulah,I liked this place's service and food a lot!
217,Vanna,Service was not friendly
218,Ethelind,The food was amazing! 5/5
219,Saidee,Still need to improve the taste
220,Josie,The food was amazing! 5/5
221,Buddie,It was really packed and service was rude
222,Averell,Didn't like it
223,Shaylyn,I liked this place's service and food a lot!
224,Bud,Still need to improve the taste
225,Lorens,Still need to improve the taste
226,Siusan,Still need to improve the taste
227,Temple,Didn't like it
228,Zea,I liked this place's service and food a lot!
229,Emmalynne,The food was amazing! 5/5
230,Sinclair,Service was not friendly
231,Rolph,The food was amazing! 5/5
232,Cassius,Didn't like it
233,Ammamaria,Still need to improve the taste
234,Tove,Still need to improve the taste
235,Cthrine,I liked this place's service and food a lot!
236,Sibyl,Location is bad
237,Karine,Didn't like it
238,Bobbee,It was really packed and service was rude
239,Roscoe,It was really packed and service was rude
240,Adara,Service was not friendly
241,Reuven,Didn't like it
242,Helenelizabeth,Location is bad
243,Myles,
244,Arnaldo,Still need to improve the taste
245,Alta,Didn't like it
246,Joby,Service was not friendly
247,Olwen,It was really packed and service was rude
248,Lula,
249,Wilie,Service was not friendly
250,Gaby,Didn't like it
251,Nanon,Didn't like it
252,Pavia,Service was not friendly
253,Tucker,The food was amazing! 5/5
254,Agata,It was really packed and service was rude
255,Bebe,Still need to improve the taste
256,Dory,It was really packed and service was rude
257,Stephan,
258,Christian,Location is bad
259,Neely,Location is bad
260,Berte,Service was not friendly
261,Cole,Location is bad
262,Debora,Still need to improve the taste
263,Celesta,Service was not friendly
264,Garrett,It was really packed and service was rude
265,Karna,Location is bad
266,Sula,It was really packed and service was rude
267,Nikolia,Service was not friendly
268,Petra,I liked this place's service and food a lot!
269,Ingunna,Service was not friendly
270,Roselia,I liked this place's service and food a lot!
271,Laetitia,I liked this place's service and food a lot!
272,Dorotea,Didn't like it
273,Madge,Still need to improve the taste
274,John,Service was not friendly
275,Tish,I liked this place's service and food a lot!
276,Birgitta,The food was amazing! 5/5
277,Coralyn,Location is bad
278,Maribel,Didn't like it
279,Natasha,Didn't like it
280,Carri,It was really packed and service was rude
281,Lorin,Location is bad
282,Ruy,The food was amazing! 5/5
283,Randell,Still need to improve the taste
284,Albertine,Location is bad
285,Ebony,Service was not friendly
286,Ferdy,It was really packed and service was rude
287,Brittany,Service was not friendly
288,Kat,I liked this place's service and food a lot!
289,Hymie,I liked this place's service and food a lot!
290,Birgit,It was really packed and service was rude
291,Conchita,The food was amazing! 5/5
292,Jennie,It was really packed and service was rude
293,Evita,The food was amazing! 5/5
294,Horatio,The food was amazing! 5/5
295,Melodie,Location is bad
296,Duff,
297,Sindee,Still need to improve the taste
298,Dorie,Service was not friendly
299,Andris,Location is bad
300,Annice,The food was amazing! 5/5
301,Claudio,Service was not friendly
302,Heinrick,Didn't like it
303,Constantine,Didn't like it
304,Paloma,The food was amazing! 5/5
305,Arnaldo,Didn't like it
306,Jazmin,Service was not friendly
307,Cherin,Location is bad
308,Cecil,
309,Averyl,Location is bad
310,Karol,I liked this place's service and food a lot!
311,Rurik,Still need to improve the taste
312,Egor,Didn't like it
313,Gill,The food was amazing! 5/5
314,Arni,It was really packed and service was rude
315,Heath,I liked this place's service and food a lot!
316,Harriott,Location is bad
317,Ronalda,Location is bad
318,Wynny,Still need to improve the taste
319,Jodi,Still need to improve the taste
320,Mikael,Still need to improve the taste
321,Jeremiah,Location is bad
322,Kippar,Still need to improve the taste
323,Lara,I liked this place's service and food a lot!
324,Whitman,It was really packed and service was rude
325,Ellyn,Didn't like it
326,Leelah,I liked this place's service and food a lot!
327,Susy,I liked this place's service and food a lot!
328,Fanni,The food was amazing! 5/5
329,Janessa,Service was not friendly
330,Keefer,The food was amazing! 5/5
331,Beatrice,Didn't like it
332,Dorice,Location is bad
333,Elka,I liked this place's service and food a lot!
334,Max,I liked this place's service and food a lot!
335,Tansy,Location is bad
336,Jasmina,Didn't like it
337,Olympia,Location is bad
338,Berrie,Location is bad
339,Vance,I liked this place's service and food a lot!
340,Ingrid,It was really packed and service was rude
341,Torrey,It was really packed and service was rude
342,Chlo,Location is bad
343,Gypsy,I liked this place's service and food a lot!
344,Rhoda,The food was amazing! 5/5
345,Tanney,It was really packed and service was rude
346,Maryellen,I liked this place's service and food a lot!
347,Trina,Didn't like it
348,Willa,
349,Rubia,Still need to improve the taste
350,Kelley,Still need to improve the taste
351,Ethelda,Service was not friendly
352,Nil,Still need to improve the taste
353,Lonnie,
354,Onfroi,Still need to improve the taste
355,Obadias,Location is bad
356,Milt,I liked this place's service and food a lot!
357,Mortimer,Location is bad
358,Laurent,The food was amazing! 5/5
359,Delmar,
360,Stevena,I liked this place's service and food a lot!
361,Joanna,Location is bad
362,Lindsay,Still need to improve the taste
363,Davidson,The food was amazing! 5/5
364,Marve,It was really packed and service was rude
365,Booth,
366,Gavan,Didn't like it
367,Tiffany,I liked this place's service and food a lot!
368,Peyton,Location is bad
369,Howey,The food was amazing! 5/5
370,Griffie,It was really packed and service was rude
371,Gilbertine,It was really packed and service was rude
372,Petronella,Still need to improve the taste
373,Alix,Service was not friendly
374,Kippar,The food was amazing! 5/5
375,Betteanne,Didn't like it
376,Kahaleel,Still need to improve the taste
377,Dorri,Location is bad
378,Lucas,The food was amazing! 5/5
379,Eb,The food was amazing! 5/5
380,Hillier,Service was not friendly
381,Ninetta,Didn't like it
382,Clerc,Location is bad
383,Malinde,Still need to improve the taste
384,Nikita,Still need to improve the taste
385,Eduard,Service was not friendly
386,Vail,Didn't like it
387,Sarita,
388,Donn,Still need to improve the taste
389,Shandy,Service was not friendly
390,Annalee,Service was not friendly
391,Pascale,Still need to improve the taste
392,Keefe,It was really packed and service was rude
393,Vivien,I liked this place's service and food a lot!
394,Corrine,
395,Dennet,Location is bad
396,Gerhardine,It was really packed and service was rude
397,Aldis,It was really packed and service was rude
398,Cyb,I liked this place's service and food a lot!
399,Elijah,I liked this place's service and food a lot!
400,Normy,Location is bad
401,Llewellyn,Still need to improve the taste
402,Amelina,Service was not friendly
403,Winny,Service was not friendly
404,Slade,The food was amazing! 5/5
405,Samantha,
406,Padriac,Location is bad
407,Mel,It was really packed and service was rude
408,Luigi,Didn't like it
409,Eachelle,It was really packed and service was rude
410,Linn,It was really packed and service was rude
411,Sherwood,Location is bad
412,Chaddie,Service was not friendly
413,Stoddard,Location is bad
414,Dennie,Didn't like it
415,Jourdan,I liked this place's service and food a lot!
416,Amby,Still need to improve the taste
417,Rosabel,The food was amazing! 5/5
418,Tommy,Service was not friendly
419,Gradey,Still need to improve the taste
420,Dermot,The food was amazing! 5/5
421,Gamaliel,It was really packed and service was rude
422,Nelie,I liked this place's service and food a lot!
423,Kelsy,I liked this place's service and food a lot!
424,Emelina,Location is bad
425,Florian,It was really packed and service was rude
426,Orsola,Still need to improve the taste
427,Coletta,I liked this place's service and food a lot!
428,Dolli,Still need to improve the taste
429,Catriona,Didn't like it
430,Willdon,It was really packed and service was rude
431,Yettie,Didn't like it
432,Bari,The food was amazing! 5/5
433,Lynne,I liked this place's service and food a lot!
434,Rebeca,It was really packed and service was rude
435,Flossy,The food was amazing! 5/5
436,Deeyn,Still need to improve the taste
437,Peria,Still need to improve the taste
438,Ingamar,Still need to improve the taste
439,Celestia,Still need to improve the taste
440,Tanner,I liked this place's service and food a lot!
441,Gabrila,The food was amazing! 5/5
442,Letisha,I liked this place's service and food a lot!
443,Wilton,Didn't like it
444,Graeme,Service was not friendly
445,Webster,Service was not friendly
446,Alyda,I liked this place's service and food a lot!
447,Alvy,Service was not friendly
448,Donielle,Location is bad
449,Henrieta,Location is bad
450,Claybourne,Location is bad
451,Isabeau,Didn't like it
452,Pepillo,Didn't like it
453,Moe,It was really packed and service was rude
454,Gianina,It was really packed and service was rude
455,Roseanna,Didn't like it
456,Glenn,The food was amazing! 5/5
457,Kerri,The food was amazing! 5/5
458,Wilbur,Still need to improve the taste
459,Mariska,It was really packed and service was rude
460,Richmond,I liked this place's service and food a lot!
461,Mitchael,Location is bad
462,Justinn,
463,Franky,It was really packed and service was rude
464,Maurits,Location is bad
465,Laney,Service was not friendly
466,Orella,Service was not friendly
467,Zacharie,I liked this place's service and food a lot!
468,Waverley,It was really packed and service was rude
469,Rubin,I liked this place's service and food a lot!
470,Piper,Didn't like it
471,Othella,Didn't like it
472,Gunar,
473,Rene,Didn't like it
474,Philippa,
475,Johnette,I liked this place's service and food a lot!
476,Rodger,Location is bad
477,Nata,Location is bad
478,Randee,I liked this place's service and food a lot!
479,Alexa,It was really packed and service was rude
480,Collette,Didn't like it
481,Farica,I liked this place's service and food a lot!
482,Jemima,Still need to improve the taste
483,Adlai,Didn't like it
484,Leilah,Service was not friendly
485,Giacomo,Service was not friendly
486,Hermione,
487,Shurlock,Still need to improve the taste
488,Shayna,Location is bad
489,Max,
490,Micaela,Service was not friendly
491,Patsy,The food was amazing! 5/5
492,Erhart,Location is bad
493,Juli,I liked this place's service and food a lot!
494,Ettie,The food was amazing! 5/5
495,Lishe,I liked this place's service and food a lot!
496,Eustace,It was really packed and service was rude
497,Dasie,Service was not friendly
498,Ashlie,
499,Angeline,Still need to improve the taste
500,Mauricio,Service was not friendly
501,Germaine,Service was not friendly
502,Guillermo,The food was amazing! 5/5
503,Nora,Location is bad
504,Otho,Didn't like it
505,Annamarie,I liked this place's service and food a lot!
506,Fanya,Didn't like it
507,Annecorinne,Didn't like it
508,Waylon,I liked this place's service and food a lot!
509,Shayna,
510,Bogey,The food was amazing! 5/5
511,Reiko,
512,Anetta,Location is bad
513,Nicole,
514,Michell,Service was not friendly
515,Florencia,
516,Helga,Didn't like it
517,Ashlen,Service was not friendly
518,Daffie,Service was not friendly
519,Carin,
520,Claudius,Still need to improve the taste
521,Abagael,Didn't like it
522,Rikki,The food was amazing! 5/5
523,Ulrike,I liked this place's service and food a lot!
524,Filide,
525,Brooks,It was really packed and service was rude
526,Jerald,
527,Tabby,It was really packed and service was rude
528,Heywood,It was really packed and service was rude
529,Fredra,Service was not friendly
530,Lindsay,
531,Henrieta,The food was amazing! 5/5
532,Rinaldo,Service was not friendly
533,Katrinka,Location is bad
534,Barnabe,
535,Kendall,It was really packed and service was rude
536,Elvis,It was really packed and service was rude
537,Kyrstin,Didn't like it
538,Cullie,The food was amazing! 5/5
539,Erhart,I liked this place's service and food a lot!
540,Rosalie,Still need to improve the taste
541,Ramon,Still need to improve the taste
542,Philippa,Didn't like it
543,Edmon,It was really packed and service was rude
544,Griffith,The food was amazing! 5/5
545,Blakelee,Service was not friendly
546,Nonah,I liked this place's service and food a lot!
547,Dell,It was really packed and service was rude
548,Ravid,
549,Keene,I liked this place's service and food a lot!
550,Bruno,Still need to improve the taste
551,Farah,Service was not friendly
552,Steward,Service was not friendly
553,Haskel,Didn't like it
554,Johny,Didn't like it
555,Olly,The food was amazing! 5/5
556,Jaquelyn,I liked this place's service and food a lot!
557,Gerrilee,Location is bad
558,Kim,I liked this place's service and food a lot!
559,Tiff,Still need to improve the taste
560,Libbie,Location is bad
561,Valerye,
562,Eddi,Still need to improve the taste
563,Kingston,Location is bad
564,Lew,Location is bad
565,Devonne,Location is bad
566,Gavra,Location is bad
567,Bronny,
568,Gregorius,Still need to improve the taste
569,Gale,Service was not friendly
570,Broddy,Didn't like it
571,Cary,Location is bad
572,Twyla,Didn't like it
573,Bambi,Service was not friendly
574,Chad,I liked this place's service and food a lot!
575,Roby,Location is bad
576,Janeva,I liked this place's service and food a lot!
577,Xerxes,Still need to improve the taste
578,Orrin,I liked this place's service and food a lot!
579,Cordula,Still need to improve the taste
580,Kristan,Didn't like it
581,Zola,Location is bad
582,Lewie,I liked this place's service and food a lot!
583,Adore,It was really packed and service was rude
584,Thorin,Service was not friendly
585,Kay,Didn't like it
586,Kiersten,I liked this place's service and food a lot!
587,Luciana,Still need to improve the taste
588,Olenka,I liked this place's service and food a lot!
589,Carmelia,It was really packed and service was rude
590,Grissel,I liked this place's service and food a lot!
591,Tiffanie,Didn't like it
592,Alfreda,It was really packed and service was rude
593,Connie,It was really packed and service was rude
594,Cyndi,Still need to improve the taste
595,Bealle,Location is bad
596,Cheslie,Didn't like it
597,Bryanty,Didn't like it
598,Leonhard,Service was not friendly
599,Trueman,I liked this place's service and food a lot!
600,Latisha,Location is bad
601,Barbra,Service was not friendly
602,Thelma,Didn't like it
603,King,It was really packed and service was rude
604,Salomon,Didn't like it
605,Bel,Location is bad
606,Hartwell,I liked this place's service and food a lot!
607,Bay,Didn't like it
608,Thayne,Didn't like it
609,Agretha,Location is bad
610,Catlin,Still need to improve the taste
611,Randi,Location is bad
612,Rosetta,Still need to improve the taste
613,Jervis,Service was not friendly
614,Liesa,It was really packed and service was rude
615,Britt,Didn't like it
616,Desmond,
617,Kylie,It was really packed and service was rude
618,Curr,It was really packed and service was rude
619,Kent,Location is bad
620,Farrell,I liked this place's service and food a lot!
621,Philbert,I liked this place's service and food a lot!
622,Courtney,I liked this place's service and food a lot!
623,Wendye,It was really packed and service was rude
624,Hallie,The food was amazing! 5/5
625,Natasha,The food was amazing! 5/5
626,Blithe,Service was not friendly
627,Adair,I liked this place's service and food a lot!
628,Sibby,Service was not friendly
629,Waly,Didn't like it
630,Robenia,It was really packed and service was rude
631,Cobbie,It was really packed and service was rude
632,Matthew,Still need to improve the taste
633,Findlay,Still need to improve the taste
634,Britt,I liked this place's service and food a lot!
635,Lizzie,Still need to improve the taste
636,Jeramie,
637,Mayor,Service was not friendly
638,Isabelita,Service was not friendly
639,Antonio,It was really packed and service was rude
640,Tremain,Service was not friendly
641,Duke,Didn't like it
642,Heloise,Didn't like it
643,Anneliese,I liked this place's service and food a lot!
644,Zsazsa,Location is bad
645,Chrystal,The food was amazing! 5/5
646,Carol,The food was amazing! 5/5
647,Marlyn,
648,Fredericka,Didn't like it
649,Pooh,I liked this place's service and food a lot!
650,Ki,I liked this place's service and food a lot!
651,Marshall,The food was amazing! 5/5
652,Wang,The food was amazing! 5/5
653,Wileen,Location is bad
654,Mason,Still need to improve the taste
655,Dulcea,Service was not friendly
656,Barbra,Didn't like it
657,Gaspard,Service was not friendly
658,Patrick,Location is bad
659,Lori,Still need to improve the taste
660,Kathy,Service was not friendly
661,Ashly,Didn't like it
662,Rudy,Didn't like it
663,Katine,Still need to improve the taste
664,Issy,The food was amazing! 5/5
665,Thalia,
666,Marv,Location is bad
667,Sly,Still need to improve the taste
668,Alexandra,Location is bad
669,Sig,Service was not friendly
670,Farley,It was really packed and service was rude
671,Elset,Didn't like it
672,Waylan,The food was amazing! 5/5
673,Lindsey,The food was amazing! 5/5
674,Chip,Still need to improve the taste
675,Killian,Didn't like it
676,Hedy,Didn't like it
677,Idette,Service was not friendly
678,Maxy,I liked this place's service and food a lot!
679,Lexy,Service was not friendly
680,Percy,Service was not friendly
681,Bernadette,I liked this place's service and food a lot!
682,Gayler,Still need to improve the taste
683,Burr,Still need to improve the taste
684,Dennie,Location is bad
685,Ernaline,The food was amazing! 5/5
686,Griffie,I liked this place's service and food a lot!
687,Cathrine,I liked this place's service and food a lot!
688,Mireille,It was really packed and service was rude
689,Sebastien,It was really packed and service was rude
690,Hewitt,I liked this place's service and food a lot!
691,Reta,I liked this place's service and food a lot!
692,Scarface,The food was amazing! 5/5
693,Clyve,It was really packed and service was rude
694,Hattie,Didn't like it
695,Odette,It was really packed and service was rude
696,Quentin,Still need to improve the taste
697,Quill,It was really packed and service was rude
698,Wye,The food was amazing! 5/5
699,Cassandry,The food was amazing! 5/5
700,Hobie,Didn't like it
701,Maye,Service was not friendly
702,Kaleb,I liked this place's service and food a lot!
703,Bev,Location is bad
704,Thomasa,The food was amazing! 5/5
705,Mirelle,Service was not friendly
706,Maryjane,
707,Lorrayne,
708,Emmet,Service was not friendly
709,Daniella,Location is bad
710,Aveline,Service was not friendly
711,Igor,The food was amazing! 5/5
712,Alexine,Didn't like it
713,Benji,
714,Antonin,
715,Morgen,Location is bad
716,Vasili,I liked this place's service and food a lot!
717,Marylee,Still need to improve the taste
718,Dacia,The food was amazing! 5/5
719,Damien,It was really packed and service was rude
720,Camile,Location is bad
721,Beltran,I liked this place's service and food a lot!
722,Linn,Didn't like it
723,Sharity,Didn't like it
724,Kelcey,Service was not friendly
725,Ferdinand,I liked this place's service and food a lot!
726,Rafaelia,Location is bad
727,Hadrian,It was really packed and service was rude
728,Sawyere,Didn't like it
729,Immanuel,Service was not friendly
730,Roddie,It was really packed and service was rude
731,Ursala,Location is bad
732,Whitney,Service was not friendly
733,Nero,Location is bad
734,Raquel,I liked this place's service and food a lot!
735,Levi,Still need to improve the taste
736,Clotilda,Location is bad
737,Kristyn,Didn't like it
738,Kimbell,I liked this place's service and food a lot!
739,Harmon,
740,Mattie,Service was not friendly
741,Town,Still need to improve the taste
742,Orv,I liked this place's service and food a lot!
743,Rochette,Service was not friendly
744,Leontine,Still need to improve the taste
745,Veronika,The food was amazing! 5/5
746,Clayborn,Location is bad
747,Steward,Still need to improve the taste
748,Berrie,
749,Cam,Didn't like it
750,Jerrilee,Still need to improve the taste
751,Afton,I liked this place's service and food a lot!
752,Patty,I liked this place's service and food a lot!
753,Aaren,I liked this place's service and food a lot!
754,Janessa,Location is bad
755,Lucina,Still need to improve the taste
756,Felisha,Still need to improve the taste
757,Adora,Service was not friendly
758,Culley,The food was amazing! 5/5
759,Ketty,Location is bad
760,Obadiah,Service was not friendly
761,Dillie,Location is bad
762,Ben,It was really packed and service was rude
763,Ramona,I liked this place's service and food a lot!
764,Rosita,Service was not friendly
765,Eula,The food was amazing! 5/5
766,Sutton,I liked this place's service and food a lot!
767,Janeen,It was really packed and service was rude
768,Tito,Still need to improve the taste
769,Gusty,Service was not friendly
770,Cherianne,It was really packed and service was rude
771,Bari,Didn't like it
772,Sena,Location is bad
773,Corrina,I liked this place's service and food a lot!
774,Rosabel,
775,Zitella,Location is bad
776,Aleen,Didn't like it
777,Leonidas,Service was not friendly
778,Charity,I liked this place's service and food a lot!
779,Elbert,Didn't like it
780,Cacilia,Service was not friendly
781,Hadrian,Location is bad
782,Sullivan,Didn't like it
783,Rey,The food was amazing! 5/5
784,Marysa,Service was not friendly
785,Seumas,It was really packed and service was rude
786,Constantia,Didn't like it
787,Mycah,The food was amazing! 5/5
788,Hubert,I liked this place's service and food a lot!
789,Vassily,I liked this place's service and food a lot!
790,Kaitlin,Still need to improve the taste
791,Liz,It was really packed and service was rude
792,Charmane,Location is bad
793,Dante,I liked this place's service and food a lot!
794,Hedi,I liked this place's service and food a lot!
795,Oates,I liked this place's service and food a lot!
796,Elly,Still need to improve the taste
797,Levey,It was really packed and service was rude
798,Catlin,Still need to improve the taste
799,Radcliffe,Service was not friendly
800,Sharline,Service was not friendly
801,Ardelle,Didn't like it
802,Johnathon,Service was not friendly
803,Claretta,Still need to improve the taste
804,Gustave,It was really packed and service was rude
805,Krystalle,Still need to improve the taste
806,Celesta,Service was not friendly
807,Tildie,Service was not friendly
808,Alphonso,Location is bad
809,Pietra,I liked this place's service and food a lot!
810,Tim,Service was not friendly
811,Delphinia,Didn't like it
812,Korie,The food was amazing! 5/5
813,Avery,Didn't like it
814,Clayton,The food was amazing! 5/5
815,Tibold,Location is bad
816,Mariel,Service was not friendly
817,Marmaduke,Didn't like it
818,Sasha,It was really packed and service was rude
819,Ed,Still need to improve the taste
820,Haley,Still need to improve the taste
821,Moina,The food was amazing! 5/5
822,Antoinette,It was really packed and service was rude
823,Ernestine,It was really packed and service was rude
824,Lenard,Location is bad
825,Junette,Didn't like it
826,Gianni,The food was amazing! 5/5
827,Hy,Location is bad
828,Gus,Didn't like it
829,Drusie,It was really packed and service was rude
830,Lari,It was really packed and service was rude
831,Noby,I liked this place's service and food a lot!
832,Deonne,Didn't like it
833,Rollins,Service was not friendly
834,Kacie,Didn't like it
835,Goran,The food was amazing! 5/5
836,Anallese,I liked this place's service and food a lot!
837,Doe,
838,Davey,Service was not friendly
839,Noel,Didn't like it
840,Anett,Still need to improve the taste
841,Tammara,Didn't like it
842,Patty,
843,Leupold,I liked this place's service and food a lot!
844,Kariotta,Didn't like it
845,Tobiah,Still need to improve the taste
846,Thorndike,The food was amazing! 5/5
847,Erhart,
848,Kurt,It was really packed and service was rude
849,Cody,Still need to improve the taste
850,Ottilie,It was really packed and service was rude
851,Tamar,Didn't like it
852,Lanie,Still need to improve the taste
853,Gert,The food was amazing! 5/5
854,Hayes,It was really packed and service was rude
855,Raye,Still need to improve the taste
856,Cynthy,Didn't like it
857,Zollie,The food was amazing! 5/5
858,Ulick,Service was not friendly
859,Cchaddie,I liked this place's service and food a lot!
860,Devin,The food was amazing! 5/5
861,Erhard,Still need to improve the taste
862,Donavon,It was really packed and service was rude
863,Chiquia,I liked this place's service and food a lot!
864,Sibelle,Location is bad
865,Hurleigh,Still need to improve the taste
866,Renate,Service was not friendly
867,Leticia,
868,Lefty,
869,Nonnah,Service was not friendly
870,Mireille,It was really packed and service was rude
871,Meriel,Location is bad
872,Germaine,The food was amazing! 5/5
873,Meade,The food was amazing! 5/5
874,Nichol,Location is bad
875,Hollis,Service was not friendly
876,Verla,The food was amazing! 5/5
877,Philippa,Location is bad
878,Yule,I liked this place's service and food a lot!
879,Krissie,Didn't like it
880,Sawyere,Location is bad
881,Inglis,The food was amazing! 5/5
882,Juana,Still need to improve the taste
883,Aurthur,Service was not friendly
884,Minnie,It was really packed and service was rude
885,Bernetta,I liked this place's service and food a lot!
886,Trudie,Location is bad
887,Audy,Didn't like it
888,Kingston,Location is bad
889,Ferdinand,The food was amazing! 5/5
890,Modestia,Didn't like it
891,Kellby,Location is bad
892,Coriss,Still need to improve the taste
893,Isac,It was really packed and service was rude
894,Florence,Service was not friendly
895,Abbott,Still need to improve the taste
896,Halsey,It was really packed and service was rude
897,Giovanna,I liked this place's service and food a lot!
898,Kathe,I liked this place's service and food a lot!
899,Bevin,Didn't like it
900,Breena,
901,Dorise,
902,Peyton,Service was not friendly
903,Kendal,It was really packed and service was rude
904,Trude,It was really packed and service was rude
905,Lockwood,The food was amazing! 5/5
906,Vally,It was really packed and service was rude
907,Cullin,Didn't like it
908,Rodolph,
909,Percival,Didn't like it
910,Jerri,I liked this place's service and food a lot!
911,Sib,Location is bad
912,Filberto,Service was not friendly
913,Christye,Service was not friendly
914,Tedra,Didn't like it
915,Claudianus,It was really packed and service was rude
916,Meggi,It was really packed and service was rude
917,Dermot,Service was not friendly
918,Nan,Service was not friendly
919,Guglielma,Service was not friendly
920,Orran,Service was not friendly
921,Melita,Didn't like it
922,Nobe,The food was amazing! 5/5
923,Chantal,Didn't like it
924,Ban,
925,Alic,It was really packed and service was rude
926,Ebba,It was really packed and service was rude
927,Marsiella,It was really packed and service was rude
928,Welch,Service was not friendly
929,Aeriela,Location is bad
930,Dorita,The food was amazing! 5/5
931,Christel,The food was amazing! 5/5
932,Seline,Didn't like it
933,Graehme,The food was amazing! 5/5
934,Ellswerth,Still need to improve the taste
935,Johnna,Service was not friendly
936,Benji,I liked this place's service and food a lot!
937,Dori,Still need to improve the taste
938,Caddric,Service was not friendly
939,Lovell,Location is bad
940,Dede,It was really packed and service was rude
941,Carmon,Didn't like it
942,Sheffie,The food was amazing! 5/5
943,Susi,Still need to improve the taste
944,Bobbie,Still need to improve the taste
945,Ashley,Service was not friendly
946,Adriano,The food was amazing! 5/5
947,Hyman,I liked this place's service and food a lot!
948,Nora,Didn't like it
949,Brod,I liked this place's service and food a lot!
950,Rurik,I liked this place's service and food a lot!
951,Prinz,I liked this place's service and food a lot!
952,Orton,Service was not friendly
953,Bethanne,I liked this place's service and food a lot!
954,Jada,Location is bad
955,Margalit,I liked this place's service and food a lot!
956,Gussie,Service was not friendly
957,Matty,Service was not friendly
958,Lisle,Location is bad
959,Ashil,
960,Jobye,The food was amazing! 5/5
961,Christophorus,It was really packed and service was rude
962,Judas,Service was not friendly
963,Bambi,Still need to improve the taste
964,Weylin,I liked this place's service and food a lot!
965,Jaye,Location is bad
966,Hedda,
967,Linnea,Still need to improve the taste
968,Victor,
969,Nick,It was really packed and service was rude
970,Petronilla,Didn't like it
971,Carey,The food was amazing! 5/5
972,Rici,Still need to improve the taste
973,Margalo,Service was not friendly
974,Hedwig,Location is bad
975,Leann,Service was not friendly
976,Dexter,Service was not friendly
977,Gabriella,The food was amazing! 5/5
978,Lydon,It was really packed and service was rude
979,Vyky,The food was amazing! 5/5
980,Wilfrid,I liked this place's service and food a lot!
981,Aurelea,I liked this place's service and food a lot!
982,Isaak,I liked this place's service and food a lot!
983,Edik,I liked this place's service and food a lot!
984,Jo,
985,Sallyanne,Service was not friendly
986,Quinn,I liked this place's service and food a lot!
987,Mathian,Still need to improve the taste
988,Jourdain,It was really packed and service was rude
989,Elly,I liked this place's service and food a lot!
990,Sharia,Didn't like it
991,Lincoln,It was really packed and service was rude
992,Katerina,Location is bad
993,Orelia,The food was amazing! 5/5
994,Daphna,The food was amazing! 5/5
995,Georgine,Service was not friendly
996,Lonna,Still need to improve the taste
997,Vassily,Still need to improve the taste
998,Elizabeth,Service was not friendly
999,Annabela,Service was not friendly
1000,Concettina,Didn't like it
