id,username,user_password,email
1,fchapling0,pzQ5tqIuAIT,msimeonov0@sbwire.com
2,edibiaggi1,WQczqAWBB71,atiller1@blogger.com
3,hramble2,xGu705j51r6x,hgrandisson2@163.com
4,hbillin3,Kuh3U3Ko2,fwaltho3@fotki.com
5,bwhorf4,eJwgbJ,dply4@shinystat.com
6,nblanchard5,NSjIJue,lmaccurlye5@sohu.com
7,bgarford6,EKxsV160,afarnfield6@ed.gov
8,jorwell7,hlbsu8,bdafydd7@theguardian.com
9,afrenchum8,31GOm3jNLKo8,caaronsohn8@seesaa.net
10,kcracie9,ppndrK,hthornewell9@tripadvisor.com
11,rsummersona,MAq7vo,mdrohanea@wordpress.org
12,rhillinb,qj6eKk6ZJs,csansb@pagesperso-orange.fr
13,ragatec,B4PrX6Pt8QW,bcuffleyc@sbwire.com
14,ipilgramd,S9xgkcZdJJk,kmattityahoud@shinystat.com
15,dmantrame,DTpqMsrL,cblance@phoca.cz
16,ecluef,4LttD8rOh,cburfittf@yellowpages.com
17,hkerryg,2PhulEPw,oleethemg@walmart.com
18,lbrookshawh,KMI250,rtwinbourneh@redcross.org
19,hcowopei,1aoTRos,sericssoni@mozilla.com
20,bmcculloughj,Y3uFgNlc1Po,asiwardj@statcounter.com
21,jfullerdk,wkhKIGt36u,pfrusherk@yahoo.com
22,mswithenbyl,xMdbi3fc0QKz,nbeechl@ox.ac.uk
23,lbeddinm,8VUDRK,mpotem@artisteer.com
24,aastlettn,cI4dIgG4,kpeddien@friendfeed.com
25,qgodneyo,nwWV28Cw,nfrancescuccioo@washingtonpost.com
26,miredellp,UCV0VM7,ctavnerp@paypal.com
27,menticknapq,Ibe4kjga,ncameronq@microsoft.com
28,tnorfolkr,mAy969Dxk,npotkinsr@tripadvisor.com
29,cangersteins,RDdnafep4Sc,gcaigers@wunderground.com
30,bkibbyt,If26HG2fO,idorkent@unc.edu
31,tzannottiu,4sTQIE1XYgu,ematthewmanu@slashdot.org
32,mszymonv,syPjwzQ,gshreevesv@smh.com.au
33,gmearsw,tZ3tvLCZi,bwoolstonw@parallels.com
34,meltx,Yv3f2n,fmuzzollox@spiegel.de
35,scomeliniy,PmlILEK4m7u,gocriganey@nsw.gov.au
36,dpenniniz,YSpqA1s,mmikalskiz@hhs.gov
37,broyce10,M2llTbE,gdabner10@canalblog.com
38,areisin11,q5gpJda,gbelham11@opera.com
39,nsines12,aJPKYtsi,elowis12@icq.com
40,tbeningfield13,w5ehl4Y,lguillerman13@livejournal.com
41,swestcot14,tJC8dDC8tdV,rcolumbell14@weather.com
42,jgurnee15,61bmAtLBXbVW,jedwards15@howstuffworks.com
43,smokes16,gSTLelRX,rseeney16@pbs.org
44,vsandhill17,zJezMkLlui,fizac17@dot.gov
45,bryle18,Tj8yEfeDlD,scuckson18@accuweather.com
46,cpashby19,CPJZuKiSL9I,rgribbon19@epa.gov
47,wbentson1a,HjHE5jm,mevins1a@hibu.com
48,jcockerell1b,Ld6A1KgT,agranville1b@walmart.com
49,kjolly1c,wYd9cwX,eshilliday1c@godaddy.com
50,vhauch1d,bYa6C6q,ddunthorne1d@noaa.gov
51,bgreatbanks1e,9eFKeQ4sXmc,tburnand1e@wiley.com
52,cwarboys1f,BqZBGq77n4I,fgilliland1f@elegantthemes.com
53,abeddows1g,M3sWap2Xif3s,kperello1g@tripadvisor.com
54,laugie1h,nqr4zew6pG5x,fmartinovic1h@ezinearticles.com
55,igribbins1i,Acy6jRnLQDZ,wstrettle1i@cafepress.com
56,hfishley1j,9uJymhto,htingly1j@oracle.com
57,ecollopy1k,GIQlRkBNgFuF,nbohan1k@stumbleupon.com
58,rswalwel1l,jyB1LAi,pgouck1l@ca.gov
59,njirek1m,hPtm5q,gmcpherson1m@netlog.com
60,nbarrington1n,equiy9,ycrossby1n@eventbrite.com
61,smayston1o,KJnlNz,mmacarte1o@nasa.gov
62,fbogey1p,1IW1jvHpo,cbussey1p@edublogs.org
63,bdelaeglise1q,FfQuj2,ranney1q@nbcnews.com
64,bheakins1r,yHCXno,gcoyte1r@google.fr
65,agethouse1s,06WQdyn3gdeB,bspohrmann1s@unesco.org
66,cfindlater1t,xJRDxP,hklaas1t@prlog.org
67,znewis1u,Tz4phKXq,dfolkes1u@studiopress.com
68,hfleis1v,1LL8SLqdqGr,edunkerton1v@qq.com
69,rstott1w,hCmU8pL,gstanett1w@xing.com
70,sdamato1x,EgIOsTXApxL6,asissons1x@uiuc.edu
71,tberntssen1y,Fe4roZ2,mbagg1y@bbc.co.uk
72,arollason1z,kWbSYofI8p,tniece1z@list-manage.com
73,ashanks20,QOsmgLU8,bkinglesyd20@cornell.edu
74,nbuck21,CTmGA7thY3,tbetancourt21@epa.gov
75,mflinn22,5j9ohEgMLC,dsirmon22@businesswire.com
76,rcharpling23,fQGmoI5,gjozwik23@rakuten.co.jp
77,gsatterly24,i6trCm,thatchett24@soup.io
78,godoherty25,C5AkDP,emason25@ft.com
79,fyouthed26,lUquCPKSE,sjeens26@reuters.com
80,fglanister27,8sxeisc,vchampneys27@feedburner.com
81,rstrettell28,m1XvcGmA,tmoakson28@usa.gov
82,pcoytes29,p6Me9kI,bbernhart29@163.com
83,jmertsching2a,N0GLCUEWEk,mculkin2a@artisteer.com
84,mliddell2b,H09J3cNE,ekennermann2b@dropbox.com
85,bmullany2c,D6UxBnmH,opococke2c@nbcnews.com
86,drubie2d,vyvwc0CRyw,afilyukov2d@redcross.org
87,lcockburn2e,u5DhEf,rruse2e@biblegateway.com
88,cdyka2f,gVMfhSNZpYo,sblanchet2f@comsenz.com
89,jburgoine2g,OZCigO,dslessar2g@sourceforge.net
90,vzorn2h,r7TkBnEfcLGi,hkramer2h@qq.com
91,ddarlington2i,XoV4ra5,epurkess2i@ucoz.com
92,jmellenby2j,GF1L1Qz,osouth2j@tiny.cc
93,lhayman2k,lYiSmm7NYCj,acameron2k@ycombinator.com
94,dthompsett2l,aKxM5XS,bmarcroft2l@cocolog-nifty.com
95,bbethune2m,gpqnDOeJqu,lllewelyn2m@marketwatch.com
96,iglover2n,GxH11Rdy,mjewster2n@odnoklassniki.ru
97,fsimcock2o,DPZ8Br,ofluck2o@bizjournals.com
98,ocrollman2p,ZRSYsqDTz,psewell2p@google.es
99,wmcclounan2q,FVSsE2W6c,sschruyers2q@vinaora.com
100,dgiacobillo2r,S5KUf3A5Xo,bbamfield2r@gov.uk
101,agraves2s,pqmCdI,lsandcroft2s@wikispaces.com
102,lfridd2t,dmGrJ2,aaingel2t@domainmarket.com
103,krearden2u,gIFw2b0T,bcotterell2u@ocn.ne.jp
104,mbrewster2v,H9oovh4,scholwell2v@pbs.org
105,dspringtorp2w,5n4F44GZf,glydiate2w@tuttocitta.it
106,jearney2x,iTzGAqKw1R,wleates2x@macromedia.com
107,abroun2y,aY1wABoeJ,lmoehler2y@economist.com
108,mimpey2z,A9DfK1ONHtNH,lganning2z@unesco.org
109,esmyley30,3jl7DIS1,shumberstone30@so-net.ne.jp
110,lransbury31,a5PCjdeu5w7,imccann31@photobucket.com
111,dmaudling32,jT6Hzi6hPq2,mcranmor32@people.com.cn
112,akiessel33,TX1ScA,zharkus33@alexa.com
113,cpassfield34,auqvUBO7SfUw,eanear34@histats.com
114,cjanton35,7lr6wF,mmegarrell35@ifeng.com
115,bcallear36,AQFCA0rIc,rramsbottom36@earthlink.net
116,csime37,xzxHdPFs2,ifedorchenko37@amazon.de
117,roshaughnessy38,Y25UKVmX,gskip38@nytimes.com
118,bbramwich39,h8H4uISByKB,fwastall39@umich.edu
119,bmcphilemy3a,P0QlXKwIic,bwoolstenholmes3a@seattletimes.com
120,bdiggle3b,7qVylzt2,mmioni3b@cmu.edu
121,phoolaghan3c,Tj1jGMRZu,lnussgen3c@behance.net
122,jbrinsford3d,NWK0PT9uM3W,lrembaud3d@diigo.com
123,emeak3e,ozTROpXfHAe,adungate3e@360.cn
124,pgail3f,axuHOo,jblakesley3f@jigsy.com
125,lriha3g,VoVVTDu93,bmaccallester3g@squarespace.com
126,cjerromes3h,Ib54C3,cokeenan3h@shareasale.com
127,cdoughton3i,FTxA4sMrePhY,epoint3i@tmall.com
128,ljurs3j,YwEVxyS,bsolano3j@google.com.hk
129,swalbrun3k,J3EQUvzoM,wdayborne3k@weather.com
130,fsmiz3l,bMh2uzuRuz,challford3l@abc.net.au
131,ksteere3m,oU1btIuGcW4,tmargett3m@indiatimes.com
132,tmilmith3n,gqwp0A4A,swilhelmy3n@woothemes.com
133,jzecchinii3o,i6x6w7l,atibalt3o@prlog.org
134,tbeetles3p,roBA379qz,codgers3p@theatlantic.com
135,awauchope3q,ttsQUF,hhuntley3q@prnewswire.com
136,nmcpike3r,IoF8uve7n7,edymott3r@ebay.com
137,bduncanson3s,7AZDkG3xY5W1,hdelaspee3s@wordpress.org
138,mnorfolk3t,lvVvJcTITqBZ,khalmkin3t@microsoft.com
139,repinoy3u,gQM4l2FlS,hfreschini3u@sphinn.com
140,sreglar3v,4DAmLNAeHfg7,ekittless3v@feedburner.com
141,pdickerson3w,i8ogkCk0ca,rhaliburn3w@washington.edu
142,kwookey3x,lT4KR0HnNI4,ktolotti3x@deliciousdays.com
143,wschwerin3y,I3fQQs6z,proarty3y@wikimedia.org
144,rfewings3z,vCEekMFYa,scarnduff3z@devhub.com
145,ostapele40,9XmSTi7IQ3HT,fheffron40@vistaprint.com
146,lcockroft41,luLXwb1d,abitchener41@facebook.com
147,cgolda42,W87Xn5CBVCuV,aheintzsch42@economist.com
148,clocks43,0H8aYEY,fwelbrock43@barnesandnoble.com
149,hshillitoe44,jYDzJysi,ppetters44@yolasite.com
150,abacksal45,kV9RvpLGH5qp,ibodicum45@dyndns.org
151,tcrix46,r69dKgOEp0,kaneley46@indiatimes.com
152,flessmare47,ceOhzSpNkB,cscone47@virginia.edu
153,saizikovich48,yrdJnEC,mcure48@free.fr
154,tofergus49,2Uj4kqx,jhutable49@odnoklassniki.ru
155,lcroyden4a,UIxCu6K,rchilles4a@bluehost.com
156,ckerwin4b,j76WKc2Pe,ytantum4b@reuters.com
157,shelix4c,981e9s2,adanks4c@nba.com
158,mfoucar4d,HRa8u2,dpebworth4d@domainmarket.com
159,frawlison4e,Xqp8UC,hsailor4e@reddit.com
160,coxby4f,mRMOf7kNOV,dbanghe4f@fastcompany.com
161,htrusse4g,FbE1DdIbJx,farzu4g@rediff.com
162,cjerger4h,yEj2HmMo,hfane4h@google.nl
163,daizlewood4i,LApGiK6ln0ca,bcestard4i@cisco.com
164,lkardosstowe4j,81DS30wB2tFb,sinnocent4j@merriam-webster.com
165,adabrowski4k,0MmbQmvn,dfenck4k@digg.com
166,rpinckard4l,RuOCS5vqbdi,ckinnerk4l@networkadvertising.org
167,knerval4m,WV6QWiPtTcUY,jgabala4m@mysql.com
168,rmcane4n,AjnR2kQ8da4j,besterbrook4n@ucsd.edu
169,lfurniss4o,cEbaWPTV7tx,mpiller4o@tinypic.com
170,mlunney4p,cXtW9Nu,drappaport4p@auda.org.au
171,cchesshire4q,lPUxh7Co3w,sledstone4q@weather.com
172,rdenis4r,5ZgEC4lSetYT,glempel4r@mapy.cz
173,iputley4s,IeeyuJJlN,sconnerry4s@bing.com
174,riacomo4t,RwSaZLogD1s,lkuhne4t@bizjournals.com
175,vbruin4u,CDy28DVy0N,orobertazzi4u@admin.ch
176,acavill4v,lAFkY7r0kH,sharflete4v@chronoengine.com
177,mmccormick4w,NseGYodfe,udioniso4w@sohu.com
178,jgokes4x,onP7LdU19,abackwell4x@google.nl
179,csnoddon4y,VeTVqHVz,jlyford4y@bing.com
180,nsedge4z,Fbgsx06jsWR,ebranscomb4z@loc.gov
181,dwealthall50,1D5YTpZky,sjosh50@squidoo.com
182,arackley51,X2j98hxRatI,amaccoughen51@aboutads.info
183,mhemphrey52,56LjY1,dellph52@cocolog-nifty.com
184,ylomaz53,RqqydCeu,kworsom53@liveinternet.ru
185,tatmore54,2U5P5UyaO,anawton54@alibaba.com
186,hoffin55,XI1uVo6YS59q,gmeco55@paginegialle.it
187,abanting56,ju8xeSDww,dthatcher56@archive.org
188,wviggers57,S4u05C,wwestell57@constantcontact.com
189,crobertis58,bUwCBsd,bpleace58@cnbc.com
190,lirnis59,FXwhUnQgpEL,gbeurich59@quantcast.com
191,dislip5a,1iJRZvN,gbroun5a@usatoday.com
192,jalywin5b,5C9v9F7,hwolledge5b@symantec.com
193,hlicciardello5c,HxJycCNSjj,dschenkel5c@upenn.edu
194,aramelot5d,NpxlWY9gbF4,flambirth5d@imageshack.us
195,tgon5e,dz0Uznz3,nwhisson5e@omniture.com
196,rawcock5f,b3hrPYcZccOo,klohde5f@e-recht24.de
197,tdrewett5g,B4ZUGMNX,zcommusso5g@phpbb.com
198,clandsborough5h,XaImUAj,kerlam5h@usda.gov
199,pbank5i,zj81N1,hbalme5i@phpbb.com
200,mwoolfall5j,Zse01fj,aiglesia5j@diigo.com
201,aodowling5k,4NQunkk,wstruijs5k@ezinearticles.com
202,ljowling5l,nwiicF,hfernie5l@alibaba.com
203,tnorton5m,FN4m7Wksj,skinchley5m@who.int
204,rshreenan5n,mvcYN5e,mmaty5n@angelfire.com
205,kropcke5o,tXO72ala,nevins5o@homestead.com
206,lbertl5p,OFoo7wsdBj7,hpothergill5p@google.nl
207,beayres5q,FgEdNH0kvg,rcrank5q@nymag.com
208,dsmart5r,LNCQnX2C3WM,foffiler5r@ifeng.com
209,rpenrose5s,GQC4oex,arenvoise5s@cbc.ca
210,mrominov5t,2hmT8loobY3D,jneno5t@flavors.me
211,gmattheeuw5u,AlUoXe6JKH,bbain5u@newyorker.com
212,kmcquin5v,wA5p9SmHb4D,ahanway5v@ftc.gov
213,mkillford5w,WVqhqZPxhYQJ,sdiano5w@desdev.cn
214,lbalasini5x,TqgGRdfoFHbg,msedworth5x@webnode.com
215,clorimer5y,646lwo7s7f7,dyorke5y@furl.net
216,opippard5z,4Qfw3d,hozanne5z@privacy.gov.au
217,fflott60,sop2rpEIi7C,sarnald60@npr.org
218,nwhickman61,4rwlxuw,dpray61@prnewswire.com
219,mpartkya62,qK6avx,agerty62@bbb.org
220,scutchee63,FdPu5tQ,wharrald63@va.gov
221,rlowde64,4f3lwwb,msherrin64@army.mil
222,wboyde65,uOaLJmfa8,hgriffitt65@pen.io
223,alambis66,0kq17kYDMSkW,cwillgrass66@ovh.net
224,csheers67,Ko8y6CyWE4,ahampstead67@slashdot.org
225,vkluge68,3qerUpX,cjerson68@de.vu
226,etallon69,no1NjqhtuA,mvaugham69@archive.org
227,dmerrison6a,6oHZZs5my,hcode6a@w3.org
228,rikin6b,qnIPp4H,rwake6b@taobao.com
229,elangcastle6c,R6ps8QXIq,ospaight6c@infoseek.co.jp
230,lbockmann6d,ZoVeKF3zfGGJ,rmarchello6d@toplist.cz
231,jmawford6e,5DThepw,aeuesden6e@yale.edu
232,hmettrick6f,HIsTlVCd,hrouse6f@wsj.com
233,ipaffot6g,cwVAcfqQprkA,qgurdon6g@shutterfly.com
234,lbunton6h,UmJy1Xgu,noxtarby6h@privacy.gov.au
235,claborde6i,T1xDRuwB19D,rtayspell6i@liveinternet.ru
236,gkeelin6j,NYX0pceucD,bdami6j@opera.com
237,cbatteson6k,0FIyPTEiO2,ryarker6k@tripadvisor.com
238,ggadd6l,LHifgVI3z,dbaccas6l@blinklist.com
239,ghampson6m,DSSBMtO,gkill6m@hatena.ne.jp
240,jchill6n,oIep3avls,ochesser6n@nyu.edu
241,kmacdougal6o,rHeXCx6o,hbrotherton6o@utexas.edu
242,jcano6p,uyDQCimYr,jrosewall6p@gov.uk
243,noby6q,8Vas3d3,estubbington6q@uiuc.edu
244,cbiernat6r,AU02D4TYIFmz,mmorby6r@yellowpages.com
245,ctoulamain6s,QNFOD8DbIT,bfabry6s@sciencedirect.com
246,tbeisley6t,sRCco7Gv,wbilsborrow6t@ibm.com
247,reversfield6u,dXRFskcK,kmacfadin6u@t.co
248,okleinstein6v,PTAZ3SFJLx3,ssurgeoner6v@addthis.com
249,cteresse6w,XFIYjRDQPi5,kbasten6w@zdnet.com
250,jorteu6x,NtltQN,ebrake6x@about.com
251,bchadwen6y,5eNMGT5YzqFH,nwroath6y@msn.com
252,aduthy6z,1eIClLkCNwLt,omancer6z@twitpic.com
253,alukins70,ZFDlspUW4fE,npaquet70@domainmarket.com
254,tsteven71,yerXrsMJ6Wq,cgofford71@pinterest.com
255,adyerson72,QXtpmT,kgaze72@mashable.com
256,smealand73,xyD2oTWCVLHr,jfanthome73@constantcontact.com
257,fgeater74,aU1qWG,lcottill74@smugmug.com
258,tpetrusch75,U33cmosaRjHV,amckiddin75@zimbio.com
259,srenny76,2i4z7wJd,bvondra76@skype.com
260,siliffe77,YI54saUoIH,wmulvy77@people.com.cn
261,psakins78,8bZXuUbdA,mvanthoog78@tuttocitta.it
262,kbussell79,zJPia5EJtr0,kgonnel79@qq.com
263,pwerrett7a,QGTN2qav,deveringham7a@ameblo.jp
264,sandrea7b,OnERzA,mrainbird7b@weibo.com
265,adodell7c,Bu1BJdzjRb7R,adumbar7c@hhs.gov
266,nshalloe7d,BAyII8M,kmenere7d@smh.com.au
267,jmiddlebrook7e,F7WSm02x3H,vkernermann7e@yale.edu
268,mmartinat7f,LATImYAxv8,cphilippon7f@xrea.com
269,tcodman7g,QoWJX7S,cchurchyard7g@cbslocal.com
270,dgoucher7h,H85QS8K6,egronaller7h@china.com.cn
271,mcarayol7i,xZGybZi,hfallawe7i@washington.edu
272,edouse7j,SJ4xSvPEGtq1,mclaw7j@theguardian.com
273,hmartschke7k,hzAWzn7QZUSq,ldaouse7k@sogou.com
274,vlawrance7l,DFn4smW,agorelli7l@networksolutions.com
275,jmacinherney7m,B4ax7pw2MmfS,jveitch7m@friendfeed.com
276,calchin7n,9duOI7Lj4CY,omackellen7n@ucla.edu
277,gfullagar7o,LKR9O6P7RQ4O,ibindley7o@adobe.com
278,kmargaritelli7p,rAM5EyN,rrizzone7p@patch.com
279,bzuanazzi7q,3MVyHcOHS,charriman7q@columbia.edu
280,bwindus7r,Fn6QQKkJpQyA,fpeirson7r@seesaa.net
281,mknobell7s,7l2rggraWpB0,dnannoni7s@photobucket.com
282,bpetrushka7t,AOl7ol601,mfearick7t@nifty.com
283,togara7u,uGPR5c22,fadamovitch7u@sphinn.com
284,wtopper7v,bq6wc5yGs,jscopyn7v@ucoz.com
285,ablease7w,TydeC9ly,pjarratt7w@google.co.uk
286,oakam7x,QFiwKrNmc,kjannasch7x@marriott.com
287,awilde7y,iXutQxbZYZz,bimpey7y@google.fr
288,cdany7z,Yo12P6,cvalder7z@youtube.com
289,faiston80,2ljDCnm,gwardale80@ifeng.com
290,dhalvosen81,9gzsQ0zd,pcrosskill81@hao123.com
291,ecoldridge82,pr7yIqh49xqn,jripsher82@fema.gov
292,cbeteriss83,qoiNZBSqWH8H,bmostyn83@google.ca
293,svilla84,t791E3zRl,csinnocke84@ucoz.com
294,kjeppensen85,gigUmH,hworsham85@who.int
295,kmacranald86,yT7gOaK35,pivison86@uiuc.edu
296,hleggan87,94SBGuQxI527,sgumby87@trellian.com
297,esedgemore88,Ub3S75wNTr,adybbe88@liveinternet.ru
298,bwyne89,GEjwmHh1,mthorsby89@gizmodo.com
299,gisworth8a,r91FhN,oleall8a@cornell.edu
300,tbelford8b,XzfqrlSES,dbalassi8b@mozilla.com
301,aroskell8c,3XqDLifG,sbrideoke8c@stumbleupon.com
302,btawton8d,Rf36J3Exr3u0,tseathwright8d@house.gov
303,sminet8e,dTacH9eY,baiston8e@indiegogo.com
304,csarfass8f,AUCQ8NKg,bgoymer8f@nydailynews.com
305,abernardini8g,eyHdSYHz,gbottleson8g@va.gov
306,sbohin8h,zrfxG4TEiyeX,bblucher8h@artisteer.com
307,kstarkie8i,zyDYcH,llamprecht8i@merriam-webster.com
308,gkeeves8j,5gKJSeGl,ebyron8j@pcworld.com
309,dpoate8k,o4Oh8xnm,rhymas8k@globo.com
310,rsketh8l,iY5kZP,dlouedey8l@adobe.com
311,iralfe8m,6XMDX3wqWbbz,pnewlyn8m@amazon.co.jp
312,rgracey8n,uPupOWM3L,lapplin8n@discuz.net
313,zpollak8o,JANjo1KxUk0P,wgoldie8o@baidu.com
314,jpepperell8p,NX65dUqE3nC,cbatter8p@mail.ru
315,yteggin8q,zth2sWk6hH,vbalbeck8q@bravesites.com
316,tclementet8r,LIteBzl4E,mmackowle8r@livejournal.com
317,ngludor8s,vR7diqY8QE,gescot8s@arstechnica.com
318,kaldritt8t,GyPLYIwgqDB,lsandbatch8t@hugedomains.com
319,mtruder8u,kEDdNc,jwane8u@example.com
320,jtather8v,GSR0Of6G,cbaldi8v@paypal.com
321,apeasnone8w,9rMoqrSF4jv2,pzarfat8w@topsy.com
322,cpascow8x,QZ4sL8,mscurman8x@edublogs.org
323,ldanielou8y,v8EMzsf,goris8y@sbwire.com
324,wlund8z,eQ3cW5,erackstraw8z@dyndns.org
325,myesichev90,OviXeTiwfAh,bkopfer90@com.com
326,cfuggles91,uOYb9cxN70Z,jwhipple91@yellowpages.com
327,fworner92,CYacGsq,ehambling92@japanpost.jp
328,mfolliott93,OKlvGDO0Ok,aaustin93@live.com
329,knabarro94,3GToV5EzjKGR,galbone94@cnet.com
330,hbosman95,MW0QKDM7m,sbonhomme95@edublogs.org
331,rbunting96,D57yswjZS,lbyrch96@studiopress.com
332,sburleton97,9XknrPwF,kgariff97@shareasale.com
333,tharty98,vR72H9,gjebb98@pbs.org
334,gferry99,eZy23bBy95zp,kbirdsall99@altervista.org
335,aspaice9a,lgcRdaG31,tjaggers9a@discovery.com
336,epogosian9b,eE5C0PKo,dunthank9b@hao123.com
337,lbleue9c,yfwptQuJ,gmurdoch9c@noaa.gov
338,cmcandrew9d,GHspvMT,nbenoit9d@apache.org
339,lteather9e,hWCQegun,lmcveigh9e@dyndns.org
340,bstarking9f,hxozxs,jfacey9f@shinystat.com
341,gbodemeaid9g,pBdzZ0xS,hgiron9g@seattletimes.com
342,kdanzey9h,1jlkT5I,ralstead9h@mediafire.com
343,amounfield9i,3Coiq4l4V2zK,gfilipychev9i@forbes.com
344,mkilligrew9j,7cCMjgkVIWQ,cdrake9j@ask.com
345,strustram9k,ETyTIP,froff9k@ed.gov
346,snazair9l,pkeBlWLoTs,jditts9l@ftc.gov
347,dcaulket9m,XDbXmHnvjl8,wdocksey9m@dell.com
348,cmalkie9n,SMHeQQzg9c,lbeeble9n@mail.ru
349,dwicken9o,1oqQ0kQu,rmarusic9o@state.gov
350,bcruise9p,GZxrm1Padec,vluna9p@usa.gov
351,ahandrik9q,BQFS7z41u,aarnot9q@constantcontact.com
352,bbuggy9r,yen9kCpe09,dstapford9r@cbc.ca
353,menser9s,bF9ZSBU,fculmer9s@alexa.com
354,cgrombridge9t,FTx5hMOn,lsutlieff9t@deviantart.com
355,tgantlett9u,NpchHVzFQ,smcturk9u@sphinn.com
356,mabbot9v,O3Vkd7TCaga,cqueenborough9v@paginegialle.it
357,estagg9w,ERy3DVa,growlin9w@devhub.com
358,mmillbank9x,S6nWCnDvQsp5,ggaltone9x@nytimes.com
359,bkingscote9y,LDkPFLmm,amatyja9y@netlog.com
360,bedon9z,rlCMgPFdVqfK,cbranford9z@github.io
361,hgatwarda0,2EMByG,egiorgionea0@tuttocitta.it
362,msinniea1,8UcdRmSbfH,ekirvina1@usda.gov
363,kferrillioa2,b01CaIE,wpiresa2@sogou.com
364,pgowlanda3,NxRKxrRKkk0H,wassirattia3@example.com
365,rpittema4,iN8tGNwK1g,psherebrooka4@ycombinator.com
366,hfiermana5,ayQ8PZOV6dP,ccomelinia5@nsw.gov.au
367,ddillona6,PgVxrLt,bsmorthita6@elpais.com
368,cmacgorleya7,pqM5GZKGca7Y,cliversidgea7@shutterfly.com
369,abradya8,UKFxaxwCDf,crobardeya8@foxnews.com
370,stheussa9,pHKBh4zosgO,ivernona9@tamu.edu
371,mprandoniaa,EZokJoNa,egandrichaa@oaic.gov.au
372,cfancottab,yzQqnFrp1v,cmahaab@google.com.br
373,bwindeattac,ANJ9e8YTys,munsworthac@nhs.uk
374,jshurrockad,KhUkImL,rwarrilowad@newsvine.com
375,npursgloveae,VHW5BV,ktempertonae@hexun.com
376,jmckechnieaf,VCWcGDeX,ttoffoloaf@auda.org.au
377,khowbrookag,AafO4hFM6JK7,dtriponyag@aboutads.info
378,tcodringtonah,ZgEvlEg,ssnoddonah@dagondesign.com
379,dblampiedai,mF2zayP,ncardusai@java.com
380,rwelhamaj,brX9z3s68,elanghoraj@usa.gov
381,cpeaurtak,YYD0YW11W,jwadlyak@cnn.com
382,abernetal,ghTo9o,rlicciardielloal@technorati.com
383,geverlyam,iIRyX77,techallieram@wired.com
384,rhoundsonan,tbuvar4GG,gengelan@dropbox.com
385,aleahairao,bf4e3lyMI,raxellao@xrea.com
386,ptoweyap,quxn2hBY5Y,mwildap@123-reg.co.uk
387,tlettsaq,yDeywpiTH,lcurnnokaq@netscape.com
388,cmethleyar,7GNhwbNDcDM,wdunnettar@ihg.com
389,acastanagaas,lyY2hjYk1g,mgrantas@nature.com
390,rmarishenkoat,8u4jFx,jfabbriat@webs.com
391,sollcottau,MRjixGV6soQm,epiggfordau@harvard.edu
392,fspellecyav,OW5HfPsqX6r,whemerijkav@prnewswire.com
393,pminchindonaw,Nyptz5AAV,rmartinekaw@storify.com
394,gglasscockax,RuQ5LY7DnTnD,jrowax@cmu.edu
395,eesmonday,DnPzTlaFcE,cbanthamay@infoseek.co.jp
396,baddieaz,Qni8Mg5,slemonbyaz@weebly.com
397,asinneyb0,TkLsRodJgF8,rarkleb0@nyu.edu
398,handreaccib1,n6A6CJKi,amackneyb1@i2i.jp
399,tdomeb2,Wx7yPDeaFyU,mmelatob2@usgs.gov
400,dpallyb3,WUFpsk2cwA,vfairneyb3@cdbaby.com
401,kjoriotb4,fEI0d7H3,amogieb4@europa.eu
402,cmattiassib5,qSqqzXt,bcoultardb5@geocities.com
403,jrembrantb6,QZvw8RgjCOAD,svernazzab6@wp.com
404,cpatesb7,sQEf7InISe,cthrossellb7@ucsd.edu
405,sbreensb8,jfr1fqiwf0ll,jlakeb8@reference.com
406,rgudgeonb9,mkNURon9N8A,ubrowneb9@ifeng.com
407,omardollba,TjcSQx0B,mgarnarba@google.it
408,jbrockleybb,5wcms58,clofthousebb@feedburner.com
409,fhassallbc,JVsFEo,choblebc@nifty.com
410,neberlebd,exTyjF6Z,arandalesbd@plala.or.jp
411,mcorstorphinebe,o4Ap7eE,wfroudbe@blogger.com
412,chumpatchbf,PDxKYmN,cinderbf@tmall.com
413,zlongthornebg,cb97Y1u4EFb,asamworthbg@utexas.edu
414,cwyndhambh,dpvF5B,abeauchopbh@i2i.jp
415,lrueggbi,shltK3fp,mincognabi@china.com.cn
416,itrevenubj,ULnFi6,bautonbj@go.com
417,nlamploughbk,ubAbG9,eglavisbk@blogs.com
418,hheepsbl,viWYo3Q,wwellsmanbl@loc.gov
419,asumptonbm,sfQ3JtGhSVb,rnootbm@rambler.ru
420,mdoelbn,FKWl6W,wcantuabn@quantcast.com
421,wkensettbo,4ueZMwRi,lhaggathbo@baidu.com
422,dlangstonebp,so6zUXEZNhv0,dnearybp@123-reg.co.uk
423,aannearbq,oVY1MQPeba5,tebbingsbq@nps.gov
424,gbaudybr,XKyOLrPTlf,hthunnercliffebr@accuweather.com
425,abarbeybs,M07R7s,scokerbs@reuters.com
426,gdeevesbt,T7U54FAF,lmuckersiebt@reddit.com
427,bpotesbu,SBA5r0VhTpc,gsmedmoorbu@ameblo.jp
428,bsatyfordbv,gSdY895eap,zbygrovebv@businessweek.com
429,abuschbw,zHIXsUhtFAw,ktaintonbw@google.pl
430,cwhitelandbx,bevIIIdH,studdallbx@cocolog-nifty.com
431,ablindermannby,oNI6ntR,tivashinby@hostgator.com
432,atiffanybz,6hxa3y,sbelhommebz@vkontakte.ru
433,jriccardoc0,oHJRqQb66,wlamploughc0@newyorker.com
434,awhistancec1,44Yy4ulv0FvY,afrangletonc1@amazon.co.jp
435,dbrounckerc2,EhsW0BQt,kborsayc2@seattletimes.com
436,scromerc3,cd1brT,fplinckc3@sohu.com
437,aerskinec4,PwxuSQCyRe,swasbroughc4@reuters.com
438,bminoguec5,2MkSyp3rX,tgeneverc5@t.co
439,basplandc6,ugAWsMjVS,cdoigec6@acquirethisname.com
440,acroomc7,ASlZZ0a,lquaintancec7@opera.com
441,hrosengartenc8,g0uHIhRd1iR,asonnenscheinc8@dell.com
442,oredmirec9,Ji6GLxvS5WQ,otorettac9@washingtonpost.com
443,ecroixca,Q9CQmaVAJm08,rashtonhurstca@buzzfeed.com
444,kmenegocb,079yFPDpu,ccauthracb@army.mil
445,coldacrecc,frZXx1JGaH,jamortscc@dropbox.com
446,jsnellercd,i2aKS4L2UAe,dmcginneycd@odnoklassniki.ru
447,dblamphince,knc1Gs,ffitzgibbonce@scientificamerican.com
448,dspinkecf,xhkMUg,akingswellcf@psu.edu
449,bdarvillecg,pe2nbz,rgriffittscg@liveinternet.ru
450,cfountainch,2p7mqo908,gdeliasch@ed.gov
451,rnieassci,bCbe34vdsYVl,cknibleyci@i2i.jp
452,lciraldocj,bYpfiy2,lbailiecj@bbb.org
453,ksampleck,MAaI146xI5K,jfostenck@theatlantic.com
454,lhackingcl,jIAF1jXm0jIA,rcorstancl@sphinn.com
455,kdigglecm,vWT5AWmwUicG,gstanylandcm@istockphoto.com
456,mbordercn,FBQjhRHjz7UV,lmaccallamcn@paginegialle.it
457,theinleinco,GDOKmczY,bhowsonco@tuttocitta.it
458,lbisgrovecp,YHRNGeWT,jdixoncp@ning.com
459,jlillimancq,3PddOtk19,lcornehlcq@msn.com
460,etewescr,6BjrSKuFmfK,apursehousecr@go.com
461,bgrichukhanovcs,HwT8Qoq,bmarchellics@aol.com
462,twerritct,kHBYXSes,arosendorfct@hexun.com
463,lcausleycu,xzttxgUEHd,jcollcuttcu@adobe.com
464,lwindresscv,SBSQS4Ke,narmandcv@newsvine.com
465,anelthorpcw,pwrL858m0GzV,jsantacrolecw@biglobe.ne.jp
466,craymondcx,vudtHq,jhaughiancx@wordpress.com
467,ohumblecy,KGQ1roKm,pwharfcy@berkeley.edu
468,aholgancz,bum02dlBzXo,kscollickcz@nyu.edu
469,mpritchardd0,MtELgGmK,cwestwoodd0@histats.com
470,hskentelberyd1,4IU9XLB7B,mskotcherd1@census.gov
471,lbilbeed2,IB21uKLBWeHz,rmadled2@etsy.com
472,dwogand3,P66VKEtHwzDV,dpaulld3@i2i.jp
473,lchased4,C7rsM4HNuqEA,jjellettd4@networksolutions.com
474,erevingtond5,uHQMTgvUlLwU,dgirardeaud5@soup.io
475,njuded6,DWPzR7u5Ka5r,jbeaded6@behance.net
476,dhaggishd7,ZXiEHaK,afountiand7@mashable.com
477,jabramovitzd8,AVJBSo,semanulssond8@auda.org.au
478,aframed9,bNCMFRfa,aliddiardd9@123-reg.co.uk
479,mhaigda,Zw3aVbUWENa,nklauberda@e-recht24.de
480,nnapthinedb,7JVSnFAn5y,dbednelldb@reddit.com
481,raloigidc,c0trJZ2PGt,gboddydc@usa.gov
482,bhounsomdd,ghC55dUn5hk8,epoiledd@wix.com
483,lbeahande,SkW3vEPd4h6o,vstonhousede@dagondesign.com
484,kblundandf,6B8pSA,bbykdf@sitemeter.com
485,amatuszinskidg,N3XXZNdtSXaP,smcpakedg@yolasite.com
486,ebrecherdh,XtCMJGDBXaz,lashedh@artisteer.com
487,mjanzdi,2c9ypEGlU,gduffandi@rediff.com
488,ohaslochdj,UWXNyMhrWd,gseawarddj@webeden.co.uk
489,gkynmandk,NLgWm4TQaj,llindstedtdk@foxnews.com
490,lcristoforidl,zMd0Qt,eroffeydl@theguardian.com
491,hcogdondm,d5tJjANHIi,tgillfillandm@nsw.gov.au
492,rmolineauxdn,AGTu37kdb,ldobinsondn@pcworld.com
493,wweippertdo,RwLSUD,alarmuthdo@geocities.jp
494,cmccaddendp,doW2UGV,blehrledp@java.com
495,rproffittdq,pFsdrkbhkB,lhinrichdq@deviantart.com
496,brobicdr,RwNqiMt,dbehlingdr@google.fr
497,ayerburyds,WSTj8sjx,fclapstonds@yahoo.co.jp
498,dcardowdt,CBb6T40em,fstudmandt@i2i.jp
499,selmoredu,PLXo2FHRn,omacmychemdu@amazon.com
500,atitheringtondv,5gxkgGw,lwilcockdv@examiner.com
501,bedlingtondw,HpfdRdI,mjoicedw@desdev.cn
502,tjuschkadx,TSgm62ZoEK,bsobczakdx@umich.edu
503,afrancecionedy,KVaYLqa8,dwoosterdy@mayoclinic.com
504,wmacevillydz,Zm9Re2,lbradderdz@hexun.com
505,krunhame0,IbW1jOm,frickersye0@wired.com
506,cmamwelle1,6nNKA0DewRou,fcornelleaue1@washingtonpost.com
507,cbumfreye2,nOep0AND,dmcginneye2@tamu.edu
508,zkennere3,A8fiATyNR7vi,nmckinneye3@techcrunch.com
509,mslarke4,64Mlo4B,tlytee4@unicef.org
510,idolle5,pBJvJX0ux,rpreshouse5@usa.gov
511,lrishbrooke6,P4Eg7OHzaU8,gyoxene6@tuttocitta.it
512,klivermoree7,iJeodoK,iblakslande7@seesaa.net
513,nandreze8,q0KusmgQj,tlonghie8@ox.ac.uk
514,bmaidese9,JGilgYifwXIX,jchesshiree9@vkontakte.ru
515,acaudellea,jqEMLXO1eX,jmilsomea@uol.com.br
516,msabatereb,mub3pvUDk0o6,etitterrelleb@epa.gov
517,kawtyec,kXCsK9CwkcJ,bdomelec@discuz.net
518,psearsbyed,KCobN7zE9pp,crothermeled@house.gov
519,sraphaelee,mHb59mg,mkarlemanee@w3.org
520,cwickieef,hSFU9uLO2,nmawbyef@omniture.com
521,nvandaaleneg,9PJaqwdkdq,vrammeg@google.com
522,dcuninghameh,wvxrYKN9zk,lrolanceeh@merriam-webster.com
523,hfreeburnei,5ODRQHB2sCrL,dsouthanei@squarespace.com
524,coloughranej,GKBed3cI,llutoej@photobucket.com
525,vpoppletonek,1r6IrqLQ,cdergesek@reference.com
526,tkennfordel,16W72t,mcrippenel@facebook.com
527,wdrohunem,zmdpOcnKBQ,akubanem@free.fr
528,ashreveen,AjeWfw,tdestoucheen@java.com
529,tarnholdteo,4hcgex39oxs,btriceeo@epa.gov
530,broddickep,OqeWUad,ffeehilyep@who.int
531,wdyballeq,Pkkm1HEJjOY,rbernardeq@pen.io
532,isimcoer,KllTewzhPoO,ofurmageer@miitbeian.gov.cn
533,nosesnanees,iVeCk1lVod,chardwelles@twitter.com
534,rburburoughet,wWgKeKrtn,ppoolyet@sun.com
535,hboureu,9CQYXZiU,keldritteu@ow.ly
536,nluciusev,u2j47i54,scoareev@senate.gov
537,gbeesew,ON9bm4Cyz3,sgedlingew@sitemeter.com
538,ojedrysex,uT86Kf,laldhamex@discovery.com
539,hmansuerey,qKCLv12S,mthriftey@123-reg.co.uk
540,kpigdenez,rJpQHOqzNBsN,sgrundleez@odnoklassniki.ru
541,echavef0,sGqU0mZwJT,nhuxleyf0@china.com.cn
542,agildeaf1,3ms0Ra9Hq,adeplacidof1@so-net.ne.jp
543,aderrettf2,z3awd5WX4,rbalsomf2@360.cn
544,mnokef3,Qs86oDZBzu,sgoginf3@ebay.com
545,rcassimerf4,hJXOOHe,sdimanchef4@skype.com
546,lsybryf5,F1eoYzQuP,lstoppf5@facebook.com
547,tseddonf6,jZLH7MR,jjirkaf6@blogs.com
548,aaxupf7,QSqD2Jr,nlanahanf7@amazon.co.uk
549,nbaumerf8,jm54CBkVWjJ,kmasdinf8@edublogs.org
550,jliddallf9,IGbTvVx,rcolliarf9@blogspot.com
551,lsamterfa,m8JbjpgGFx,csouchfa@cargocollective.com
552,kbrodiefb,ppCaHeecoycZ,aferrariofb@soundcloud.com
553,dhorbathfc,dYx0Vspf,fsindenfc@360.cn
554,lmoncrefefd,PPIsPwr0MouF,fglovesfd@mit.edu
555,opourvoieurfe,GrYcB3kf0r,hlongbothomfe@tumblr.com
556,kchristyff,SzntSW2vZ,lcockshttff@umich.edu
557,mguisbyfg,g95aop2pG,lregorzfg@amazon.com
558,hspofforthfh,2siOoaadl,omencifh@webs.com
559,ktremethackfi,hFqbXAdv,dmilletonfi@ed.gov
560,ebollinifj,mVl7zUrOxJOl,gbackshawfj@sakura.ne.jp
561,pdutchfk,4F2I3hjB,wpoxtonfk@privacy.gov.au
562,mheadfl,6nIWUlZb,divanenkofl@ucla.edu
563,dussherfm,d9icHe0EzX8,dlimmerfm@arstechnica.com
564,dhasterfn,MZpjVcQEi,kproutfn@goo.ne.jp
565,mbreckinfo,8eCvcrM,vcullneanfo@census.gov
566,tlavillefp,bzYKWCqNl0n,fguidenfp@cbsnews.com
567,mlaffoleylanefq,do2h038HDE,sbreewoodfq@cbc.ca
568,fklimushevfr,ZaJ0NSUH,eroskillyfr@domainmarket.com
569,cplowellfs,PQqf9x7Gn9,msinniefs@bravesites.com
570,wnollethft,IEbC2x,rtremontanaft@bluehost.com
571,scrucefu,vaZyr0b,clystefu@vk.com
572,ecoxhellfv,0OJ4qPqQso,ndesimonifv@stanford.edu
573,gmcmechanfw,rUQyh6,vlebrunfw@stanford.edu
574,omothfx,e5ATLn7tNK,karunowiczfx@instagram.com
575,tgetshamfy,AB5FVyOy7ct,rdebiasiofy@etsy.com
576,fwebbornfz,EN4wdHzOr08B,mstadenfz@sbwire.com
577,gdimancheg0,VeQfoo4X,omccoveneyg0@google.com.au
578,dlowyg1,Va6qQG7JxKD,bfeaveryearg1@prweb.com
579,mguitelg2,lfzBAc,fwadmang2@purevolume.com
580,jshillabeerg3,elMMyTYebta,dcripleg3@pagesperso-orange.fr
581,rskamalg4,2KGnGlkoo,ddenmang4@cbslocal.com
582,bhaldeng5,sK5KTrodMnI,cwyvillg5@sitemeter.com
583,astuteg6,veypRJy7,sevasong6@edublogs.org
584,csaltmang7,LbUSda6,slonglandsg7@salon.com
585,rfrankhamg8,sHR5l23,mbachmang8@sakura.ne.jp
586,aterbeckg9,MOz2HYmSgQNY,nmeckiffg9@gmpg.org
587,dericga,DWFq2k81CgWU,atuffeyga@comsenz.com
588,dmarkhamgb,ZHCybWGsj,kpetkovgb@go.com
589,mwallbanksgc,p5gAHEW,pjacmargc@naver.com
590,ttantgd,U1XUwPhbF,ccarlawgd@salon.com
591,pmundenge,T4hLsUL3QWRE,mmacginlayge@tinypic.com
592,bdemetzgf,U1juOk,lpaudingf@scribd.com
593,tmccurdygg,JK2SLW2o,edsouzagg@aboutads.info
594,cluxongh,kwTV6nBv1y,alindeboomgh@php.net
595,mbuttrickgi,NLdUMV,vmilborngi@yolasite.com
596,tgresleygj,wjHDtol3FfTn,robleingj@arstechnica.com
597,dharuardgk,0OQqzJwyW4,gleasegk@multiply.com
598,icalabrygl,aD2rXwzLg,dbringloegl@google.es
599,rharnergm,San6wGcQyfi,bnajaragm@netvibes.com
600,rlaleveegn,9JgKgaC,riddongn@nih.gov
601,dfochgo,U8haeB,gdismango@pagesperso-orange.fr
602,tdaughterygp,xs7QZ7x,grylandsgp@fda.gov
603,ejodrellegq,HeGsqtjAsTR,sinnmangq@google.co.uk
604,fantosgr,UmCVg16Zao0,shingegr@mayoclinic.com
605,dsutworthgs,XWeKTxE5Frp,mandreiags@1688.com
606,brosedalegt,HnLAZYbthqX0,wcrosgrovegt@marketwatch.com
607,cmatasgu,q90Z5iE4F,ebeltgu@edublogs.org
608,apetracekgv,Lizc8os,dpottengv@hatena.ne.jp
609,msicklinggw,8ECRP8KrT,dhunnablegw@gravatar.com
610,jyanshingx,xjKPOcPZvO,wpedrickgx@japanpost.jp
611,abownessgy,8PTsODV,rcrowchergy@odnoklassniki.ru
612,dpetronisgz,OkZ3TYgku,icaultongz@foxnews.com
613,econdith0,1MG7d0KKIOfN,mkinneirh0@wikia.com
614,backwoodh1,fgnHRGHA9T8k,bmorewoodh1@weebly.com
615,pgernierh2,YtGnwU0aj,mnoultonh2@intel.com
616,mlockeyh3,20Ju3HHdECE,ephelith3@china.com.cn
617,mfranzinih4,SOZsrgF,sbrudenellh4@example.com
618,gcordinglyh5,ANlVu8A62,aellcockh5@ca.gov
619,wwotherspoonh6,ISYnjWn2PoOv,hlindeboomh6@globo.com
620,ccecilh7,kFVeYK06S9OV,lbewshireh7@addthis.com
621,fscholtish8,N5l55bTHAYA,tdunbarh8@scientificamerican.com
622,mworgeh9,6eAhYcZPV4,tnaiseyh9@desdev.cn
623,lhousecraftha,6SIZN97DFI,rdenekampha@joomla.org
624,nsarganthb,S29wjvWHsk,flaurenzhb@salon.com
625,dprotthc,X1lZjSUE4N,afaulkenerhc@bbb.org
626,dfarbrotherhd,Y7gMZL,tcordeshd@timesonline.co.uk
627,mpetreczhe,yt8TESJvyF,ddovingtonhe@themeforest.net
628,nbridgenhf,miInQ3AfG,ygrossmanhf@sbwire.com
629,fianinottihg,C6RvuV,cromainthg@feedburner.com
630,bfrentzhh,Ekr8og3FWEO,lsemeradovahh@yellowpages.com
631,ctortoishellhi,B7MfVASRN3ro,jlaydelhi@sourceforge.net
632,fballendinehj,SkQyhq,aabramowhj@census.gov
633,gfilintsevhk,TzWWEImBH,cziemenshk@youtu.be
634,phelsbyhl,RhnHeJSw,gbourdelhl@instagram.com
635,aroloffhm,Ax6U7GZ,cventonhm@independent.co.uk
636,rthursbyhn,jkCDWZ,bpaxefordhn@prlog.org
637,tjaouenho,Vrj7sKJJue,nkyberdho@cornell.edu
638,dolijvehp,MDWeaVmKG9,troselhp@mashable.com
639,ostubbingtonhq,l8vXELhDHKgc,bmagisterhq@gov.uk
640,rblezardhr,DoyFfqzrcC,wmcbeithhr@nature.com
641,jsenussihs,m3hpfZ,grottgershs@github.com
642,mburgillht,PmxTl9Kvewp9,adinniesht@illinois.edu
643,cbraywoodhu,1XF4mXBG,zruslinhu@dailymotion.com
644,cdeddumhv,Dwz8dW87mon,gmayerhv@fastcompany.com
645,dgowanlockhw,30cITTBQnl,lcoverleyhw@earthlink.net
646,vstaleyhx,lwopshl,fbutrimovichhx@berkeley.edu
647,fmacmickanhy,OiWotLkQa,futtermarehy@phoca.cz
648,gtelferhz,Zxho3q,rbowhayhz@tiny.cc
649,aessoni0,R9P8rxBxe,kbirkbyi0@fc2.com
650,eandresi1,nIzBf6N,lthomssoni1@chicagotribune.com
651,uvashchenkoi2,QLR8fk0,drutteri2@cbc.ca
652,jboiki3,upNndBzpWJA,bgodridgei3@angelfire.com
653,lbuckthoughti4,2mTPsXO3w,ggallgheri4@booking.com
654,kbarouxi5,LnAgIxjtu,bscheffleri5@geocities.jp
655,fboerdermani6,C4HiqEhHZ,wpressleei6@dot.gov
656,mauburyi7,Y2muhEOeu,ahellingi7@xing.com
657,cpursehousei8,RftmvgiWuoTb,bscowcrofti8@feedburner.com
658,mbartlomieczaki9,FjfTZ8PuEz5p,nmacaloreni9@admin.ch
659,ltroctoria,zPgFz5s,syegorchenkovia@digg.com
660,vlandallib,GtdcRq,mblownib@usatoday.com
661,mschmuhlic,ujF2F3QhMQxs,adebernardiic@cdbaby.com
662,srenaultid,HBr1rGEI,esabbanid@posterous.com
663,elauchlanie,spPFOYFxegHB,jrobertisie@163.com
664,hhadentonif,fPGat1HlkSu,zhebbesif@vk.com
665,bpopworthig,n5tskUeXpE,dwarnerig@edublogs.org
666,krogerih,j99MbSS,kcohaniih@ca.gov
667,pphilcottii,1f56zS,dtwitteyii@squarespace.com
668,jpotkinij,bqvVH5inpm9,istiggerij@paypal.com
669,mgoodsalik,afG2Pr3,nvanniekerkik@123-reg.co.uk
670,nogeneayil,S6I5rIbde,jhorwellil@sun.com
671,rfredianiim,VYybm6v,yhatliffim@e-recht24.de
672,kmceniryin,rXD6h7g8XMgy,afauntin@parallels.com
673,bsushamsio,5aPmbNUzk4,gsangraio@sciencedirect.com
674,tsteaningip,RalafIOGgI,mscraftonip@hibu.com
675,hnattiq,u1YHcc,twerlockiq@amazon.com
676,crosoniir,lVN3RshTrq,binesonir@nih.gov
677,rsellanis,UQLfxl,obrookhouseis@europa.eu
678,gwolfitit,rJ6svgHyiKr,elashamit@mediafire.com
679,gaffleckiu,4HlwZA54,bclenchiu@imageshack.us
680,cmckeveneyiv,cgo43tATv6o,awinesiv@odnoklassniki.ru
681,cpriskiw,nzDILm3fo,scorpsiw@rambler.ru
682,kmaclarenix,eFyJHvDWZRD,kthridgouldix@merriam-webster.com
683,ogalleyiy,UbZzj7,kchewiy@studiopress.com
684,akorbaiz,QN6Tf2wZ,jhaskeyiz@squarespace.com
685,cgoodrickej0,N2LgLsdS,bfreschinij0@ehow.com
686,sgenneyj1,AsYECZ0,tfilippoj1@free.fr
687,rbartczakj2,RvUqH5yvF5d,kwakleyj2@sfgate.com
688,eswanborrowj3,NoCl6T,bpauluzzij3@pen.io
689,hjanuszewiczj4,Q4rctDXy3,agreydonj4@biblegateway.com
690,tmcjerrowj5,ggIQquf,rwinesj5@so-net.ne.jp
691,kmacrowj6,NETosOsVDc,pgorkej6@google.com.au
692,gsegeswoethj7,k2OZJ1PWd7m,hmahargj7@jugem.jp
693,msongistj8,07TjhqeL7,tkinkerj8@google.com.au
694,cmoortonj9,jKn05nZ27SGk,jkohnekej9@tripadvisor.com
695,cclemmensenja,vMgFAj,bkemmeyja@e-recht24.de
696,gtanderjb,H0doUUsm,vduchasteaujb@eventbrite.com
697,scannonjc,qU0KoHw9QR,gcapenerjc@nydailynews.com
698,gcliffejd,HzMcy2EkPv,khallgoughjd@spotify.com
699,kcordinglyje,Zc550o9jfB,mgilfoyje@webeden.co.uk
700,mamorjf,R6s9wGWzOWqX,ktitfordjf@netscape.com
701,kklimontovichjg,QZd0G4,etomblingjg@nih.gov
702,emackinnonjh,AsrX2NG,abottinijh@free.fr
703,ayusupovji,5l0FxiuIoKC,mallinji@163.com
704,kdearyjj,DyBLn9U16,rquarringtonjj@engadget.com
705,gmatejicjk,JjgKxuG,lmarkejk@cafepress.com
706,abrimmingjl,74X7c82k,rgoldsackjl@intel.com
707,tbeckejm,h4ROB2s5Ds,lfitzpatrickjm@nifty.com
708,tstampjn,Bpqhp8RTDc4,hgodwinjn@pagesperso-orange.fr
709,knewarkjo,NPJArPA3AOZC,wmaccumiskeyjo@histats.com
710,bchavejp,hhmfHI,bmcfarlanjp@google.com.hk
711,cboynjq,oWTSC8,smyrtlejq@artisteer.com
712,khabbaljr,VuMMZU,myelyashevjr@sina.com.cn
713,aparadisjs,tfkE0A,kcornjs@simplemachines.org
714,fbridywaterjt,wFdy7y,fwhightmanjt@sogou.com
715,mslowleyju,uYvs2W3oNWq,akynclju@yandex.ru
716,gemberyjv,9rUqHii,mofahertyjv@sitemeter.com
717,lsloegravejw,mylboxiq,hduerjw@spiegel.de
718,kberardtjx,GSzZ3zZpMIv,mduckersjx@umich.edu
719,knorthernjy,VjImLsQ44m,bbarbierjy@netvibes.com
720,avasyukhinjz,KV0mjjk,gkestenjz@google.com.br
721,hnaiseyk0,7rfT1IBe,oospillanek0@merriam-webster.com
722,tsingersk1,gZxmyUT,dechalliek1@epa.gov
723,jsnoddyk2,ClA4Bs,tdaryk2@woothemes.com
724,fdoerrlingk3,zzOjyF,rtreneark3@deliciousdays.com
725,jflowethk4,Yhmkn9,ewarek4@google.ru
726,mklampk5,2j5h5owAOl,dmaddinonk5@spiegel.de
727,rkaliszk6,y35DYERIWXZ,acantopherk6@discuz.net
728,dreamk7,8V3SxaK2K,faskiek7@bloglines.com
729,amccannk8,eiV8GQF,bsymingtonk8@mozilla.org
730,sgummerk9,lEuG6l,smannk9@1und1.de
731,mrenneka,bZhJvvX,brattenberieka@time.com
732,rcolebournkb,Jg5vkOGn,cstraffonkb@weibo.com
733,cghironkc,hay8T5s31wE,kreinbachkc@mysql.com
734,ebenedyktowiczkd,S9VEu4Lo1,mblenkharnkd@ibm.com
735,kgotchke,JEhQAhgH7,eslyke@chronoengine.com
736,espenderkf,YNfrXlvEQT,nidellkf@networksolutions.com
737,rastinkg,rIreAzqn0I,ctumbeltykg@a8.net
738,jfirmagekh,bDjGUJPnneRO,atoselandkh@independent.co.uk
739,jrufki,3buVh6U,shamflettki@mapquest.com
740,ktathacottkj,zUrDGaN,kfifootkj@mayoclinic.com
741,imacdaidkk,b1KGjB4,wtimlinkk@geocities.jp
742,clarkingkl,XvvuUZYjR,porgankl@dropbox.com
743,bhacklykm,ye0dfofdGr9,fmclaggankm@w3.org
744,llangthornekn,Xeu7Tbrzb,etorrentkn@cyberchimps.com
745,lhawkswoodko,YQN0zLXP,dspelmanko@360.cn
746,ecarabetkp,GmE87HVw7,mlowrykp@jalbum.net
747,gvargaskq,iActBVpiCkRS,ngalliardkq@businessweek.com
748,vmograkr,bb1b4B8RN,adurrandkr@cornell.edu
749,aterbruggeks,2N5A40H,bkenworthyks@dedecms.com
750,gfrodshamkt,F8u108Psdd,drahillkt@ox.ac.uk
751,mstaiteku,BnfLt87GM,cgrabertku@cyberchimps.com
752,rheinzkv,CbpeBd,epooleykv@epa.gov
753,sbearnkw,eLysrcUNf73d,hmorysonkw@scientificamerican.com
754,mlangcastlekx,NjKNbp,swiffillkx@japanpost.jp
755,rbrantky,8Vi3MIRL4Tu,dklewerky@cbsnews.com
756,ogohierkz,Qusl7dVFD,pgerrardkz@pagesperso-orange.fr
757,lbazyletsl0,7tCMyDM7,bkimptonl0@ftc.gov
758,wcollefordl1,ajQ2Xmwvoq,bdugoodl1@time.com
759,wfayersl2,6QRepy,sarmisteadl2@boston.com
760,mhumbatchl3,Z9o4emLx,tfrowdel3@narod.ru
761,cmebesl4,ehSLV9kbbWy,lrennoxl4@google.com.br
762,teadesl5,ZAbPJiY,jramsdenl5@woothemes.com
763,ghundall6,VL3SQXN9dF,elabittl6@prlog.org
764,oyaldrenl7,7izcWoQD,sgoldspinkl7@ibm.com
765,ysapeyl8,8z6SXtIInMl8,hconstanzal8@about.me
766,adorricottl9,BtcDEMxo0i,rmacgettigenl9@ycombinator.com
767,mmartineaula,2qn4qCLhPI,ttocquevillela@utexas.edu
768,ghaddrelllb,OcXXsmza,rtydemanlb@statcounter.com
769,abruinslc,RlUr5SPfAoO,mthowlc@mail.ru
770,mlenneyld,lCVBP5tW8fu,dbrandomld@netvibes.com
771,jbritlandle,zgKINZ,emcmullenle@surveymonkey.com
772,jsackerlf,8hnvvuacSp,kshoppeelf@home.pl
773,jindelg,ZqUgfLENnW,mgrellislg@princeton.edu
774,rvickerslh,8CTrPtRyvLS,aplimmerlh@miitbeian.gov.cn
775,wnewensli,zTr4RQuDx5U,hpenchenli@dion.ne.jp
776,mbillingtonlj,snyaMuV,kchisholmelj@comcast.net
777,tpickavantlk,MvfttIWYz,fchisnalllk@bbc.co.uk
778,rhugonetll,uH8ZqXxM,shenrotll@usnews.com
779,cthorlbylm,GJv7GQiu,enoddlelm@samsung.com
780,mgamblinln,qSFA5cf78TmS,ckeaysellln@joomla.org
781,ncarlesslo,98F85gM9,edillimorelo@weather.com
782,wpealp,MKZtPB,efairholmelp@foxnews.com
783,dfreynlq,1Gcl6Yi5,bridsdolelq@gov.uk
784,jmylchreestlr,04lSNgAaFYLu,kmarjoribankslr@friendfeed.com
785,ocartmellls,brnwnVnuCTy,irhoadesls@pagesperso-orange.fr
786,lshieldslt,4VGxPd1xAPY,bgebbylt@twitpic.com
787,bcaudlelu,xWRbIZ,rberryclothlu@sohu.com
788,jclapshawlv,QY7Xcp4Mt0X,fbassicklv@oakley.com
789,vbirchenoughlw,EwSHcJLhOioB,halenikovlw@ed.gov
790,rhastelx,X9XymR,tfauschlx@webmd.com
791,mlashfordly,DPQOB4,kpointinly@ucsd.edu
792,rmannslz,H4zEVt2CZb,sewbachlz@wisc.edu
793,ddohmannm0,Ga6c62,iclaceym0@w3.org
794,aspottiswoodem1,z9Lcu5kEzq,mfootem1@xing.com
795,kphearm2,ZLdLZnleLpd,emcnaem2@salon.com
796,tdellcasam3,wsAA3YC,kbasillonm3@macromedia.com
797,dkrinksm4,PXTCMjwCP,fwillmentm4@whitehouse.gov
798,ctrothm5,gs71k3FXg,mstonuarym5@timesonline.co.uk
799,cpitneym6,NY53qPk8h0s,lschukraftm6@bloglines.com
800,mpopplestonm7,n6dKb6,eoglessanem7@hugedomains.com
801,tadnetm8,MPgh8pLP,vivashovm8@163.com
802,egraftonm9,mHqPw4qn,wneliusm9@prnewswire.com
803,mconnalma,1KuLgcGwAAS,gsemonma@icio.us
804,bjenningsmb,UqS8jDqbrw,rcarlesimb@mysql.com
805,jferrarettomc,K8I3HmYommOF,kpennimc@parallels.com
806,zdirandmd,sQMtGG,werrichiellomd@dmoz.org
807,leannettame,zDhV1la5,cboordme@theguardian.com
808,fmewhamf,PGpq8sHBkNL,amoggmf@fc2.com
809,smumbesonmg,WYg9Y215,apalleskemg@harvard.edu
810,cgrahamemh,SAYrVosi,haronsmh@deliciousdays.com
811,ibridsonmi,j6QEuC,bmardlinmi@networksolutions.com
812,hforcemj,lNRhsET,kbridgnellmj@marketwatch.com
813,phuddymk,KBG2329MG2eM,spollmk@behance.net
814,lalessandrelliml,Rbw8zpPmESuL,earsmithml@lulu.com
815,hbattinmm,yqOgGXU,gvalerimm@va.gov
816,dpickervancemn,yPYOo2x,ebockingmn@dyndns.org
817,bjosselmo,zQPOwycMbA,fsnedenmo@ox.ac.uk
818,clandymp,XQMHcQEdc3,smawnemp@odnoklassniki.ru
819,hboxhallmq,dcuy9YjfNv,bwikeymq@dagondesign.com
820,jgianottimr,doYwKm,ebenallackmr@ezinearticles.com
821,kresidems,XciIsxQnZp,tburlayms@amazon.com
822,cchristenemt,Qi0dfo5,dproudlovemt@utexas.edu
823,mfuscomu,OsFNo3N6MsM,pchamberlainmu@unblog.fr
824,cchrichtonmv,h52CuvDFY1d3,mkolushevmv@devhub.com
825,orattrymw,n0OK95VT3Jtb,bveroniquemw@home.pl
826,jstuddalmx,pl1qHRJ1,atoquetmx@hatena.ne.jp
827,avinesmy,AxcTa3FVwwnD,staltonmy@facebook.com
828,apercevalmz,FsyASwfjqj,astoodmz@storify.com
829,ereolfon0,EDZgbAtuytS,jbauern0@elegantthemes.com
830,ceilern1,r8llbxwuJHB,rgeldeardn1@wikipedia.org
831,celloyn2,BAI5iDvxzey,kcheckleyn2@privacy.gov.au
832,kdoolyn3,mh4K2G6KafaZ,mhaileyn3@smh.com.au
833,tclementsonn4,TBiLScV,nantonowiczn4@indiatimes.com
834,dbutterlyn5,cSd0WDRtq79,tpaddockn5@ycombinator.com
835,wrosekillyn6,9oTG8TV12,mbarringern6@bravesites.com
836,aounsworthn7,uzZY31s,ghandscomben7@t-online.de
837,gwinspearn8,IQ60DXPgG,csturdgessn8@sina.com.cn
838,dtindlen9,FP0Ijc0tIx3,bhamssonn9@nyu.edu
839,dfeatherstonhalghna,hrhLrmp42sde,cbaumlerna@bigcartel.com
840,jpattininb,Or4u8KnF,ndematteinb@noaa.gov
841,jsynckenc,yjSrrgF5mwW,rgrovesnc@icq.com
842,ttrevainsnd,wo4gnLKy9Ze,santillnd@senate.gov
843,wwinklessne,PReStAN5k,vbutterfintne@state.gov
844,pchasmornf,5Cxs8hzl,smcdyernf@nhs.uk
845,acrokeng,9Sv6ag31J7f,blambertzng@buzzfeed.com
846,gegrenh,OzmyAC,lsurgisonnh@usatoday.com
847,adurranceni,iEFkxbt,ckettlestringni@salon.com
848,jthezenj,CUJqXVFME1,hcottamnj@dion.ne.jp
849,pfahynk,M5dLe7yG27yI,tskirvinnk@surveymonkey.com
850,grubinovitchnl,ADiVoK80l,lkenratnl@hexun.com
851,pohenecannm,05xHe9mrFpv,jmccafferkynm@redcross.org
852,cballinghallnn,g1FY1z46LS,ggrimestonenn@yellowpages.com
853,dlaurandno,XLqA9B0D9,mfibbingsno@irs.gov
854,dknevitnp,Gwb0gFpowl,wgodmarnp@wikimedia.org
855,ahardwarenq,fjwajQiwvE,rsummerhayesnq@so-net.ne.jp
856,ebraynenr,jCzADqOZZ,dleggittnr@google.de
857,cpickoverns,vr5tR7olo,lbulfordns@mac.com
858,cuptonnt,EeLIhtg,farnottnt@fc2.com
859,labrahmnu,fdkm2g,pchippindallnu@surveymonkey.com
860,nshinefieldnv,nrniPP,saronsnv@comcast.net
861,ckedwellnw,KaNoomScz,cpeedellnw@linkedin.com
862,gbollonnx,1IMNWQq,ngillyattnx@oaic.gov.au
863,cgiralny,ur3Vm36NL,tsearesny@weibo.com
864,esherbornenz,YHpsijP6LwZ,nbulstrodenz@devhub.com
865,ccoxallo0,1bYnAaeTPa04,cpattlelo0@dot.gov
866,lyashanovo1,63aoT0S2wH,ggoldhawko1@facebook.com
867,ywatshamo2,Z7mSirEnh,rruckmano2@biblegateway.com
868,lchino3,HwA9SMVOP66,afalveyo3@fc2.com
869,dshelshero4,7bFPvD,lleelo4@disqus.com
870,olascelleso5,xquM19,tcondicto5@wordpress.org
871,gstrotherso6,XDGFAPT5XT4J,jedono6@qq.com
872,agritteno7,6PSuKiGEx2,ldelorenzoo7@miibeian.gov.cn
873,lnonoo8,kuZPU2KAQ,sprayo8@omniture.com
874,nglaveo9,QbWDARARX,atrilloo9@cloudflare.com
875,cmoultonoa,rbu9g6t1ADRI,claintonoa@mozilla.com
876,tbissekerob,67Y1Kxree,morsiob@reverbnation.com
877,smalshingeroc,3nTfGgDB,jgulvinoc@sciencedirect.com
878,mmaccallamod,eC2Wz9YA,nfingletonod@gnu.org
879,egioanioe,30tpM2ubmxv0,tgonsalvooe@umich.edu
880,bribbensof,ybeBrVweiw,dsarreof@com.com
881,amedlarog,QMtUPZ4Xzz54,selletonog@istockphoto.com
882,ndawidmanoh,DWcWwicG,bfansyoh@google.com.hk
883,fbroodesoi,MsDhnMe3Nt,calcottoi@geocities.jp
884,rdebrettoj,2UM9AxnLI,ehimsworthoj@constantcontact.com
885,pprangleyok,D3miXwCJMx6R,avidgenok@rambler.ru
886,nmorenool,6u1iJPCA5qo,mgavrielliol@amazon.de
887,smacmychemom,RtHlB0g4ZTu,wbewleyom@bandcamp.com
888,ghallanon,MNf0bX1l,wbenton@myspace.com
889,gsimkinoo,aFVQZLxF1l7A,ecadmanoo@slideshare.net
890,sbrentonop,0wwfBzn7m,scaugheyop@mashable.com
891,agouthieroq,9zqsM9es9iSG,bsamblesoq@bloglovin.com
892,ccritophor,wgpeK0MEV,kdivellor@google.ru
893,ttoyeros,qbr9CREo,jwallsworthos@geocities.com
894,lbulleyot,HMiQOd2QHDLW,cguislerot@gnu.org
895,cnicholesou,aAlFXZhYVK0,rbilovusou@nih.gov
896,cbruinemannov,BHaiF9q,spachov@census.gov
897,sfidgeonow,76Qmdch,scleimentow@networkadvertising.org
898,dtingcombox,MKdjO3AXDf,ralredox@1688.com
899,tgadsonoy,88ZwcUp,acosleyoy@google.com.br
900,svaderoz,vLF9sOn825,hvamplersoz@t-online.de
901,tvonderemptenp0,0bm8vdXsYmqX,despositop0@macromedia.com
902,ryuryshevp1,HcT7nWn,tnabarrop1@linkedin.com
903,ghindrickp2,OtCyKld,ahouldeyp2@hugedomains.com
904,kfishbiep3,8yVlfvmBLj,pchippindalep3@goodreads.com
905,jtantonp4,KodkwnKj,ncarffp4@addtoany.com
906,lpozzop5,RqDk0vw3X0ks,jpalombap5@mac.com
907,gharbachp6,bxiDs9NovL,gstonierp6@census.gov
908,mlongdonp7,oppK48z5,cdankop7@baidu.com
909,leingerfieldp8,FyC8EO7VJ,atintonp8@newyorker.com
910,ewaitonp9,xOp2UtQrZT,gbwyp9@mediafire.com
911,tcordovapa,BlNbGTgFu,mrunniclespa@uiuc.edu
912,ekrugerpb,3vZj9Sz,mpeakepb@xrea.com
913,rbartalettipc,AuMPPIwN9J,mantoniettipc@scribd.com
914,ttudgepd,FCGXpr,calabastarpd@netvibes.com
915,cbarrasspe,2TiqkN2MZx,dakisterpe@ycombinator.com
916,elanyonpf,zvQdTb0AB,redgcumbepf@people.com.cn
917,cvirgopg,D0VUXaQjBf,kfarlhampg@indiatimes.com
918,tparmeterph,dWbADgv8,emclugishph@gizmodo.com
919,bblaydespi,hNEx4u4e7ybp,wparkinspi@com.com
920,braingerpj,psD9tct1APOg,lshuardpj@cocolog-nifty.com
921,ndurbannpk,ZyfdbHRi,ntatnellpk@meetup.com
922,jsurgeonerpl,xrPmSLps,rwogdonpl@google.com.hk
923,hmunbypm,t4sFuV,mmallinarpm@si.edu
924,cmounceypn,ODIIH5B3Xt,jabbottspn@chicagotribune.com
925,fkibardpo,ywpLQCsC8gD,edoidgepo@123-reg.co.uk
926,amullardpp,T2ErJq34dh,achappellepp@youku.com
927,rgershompq,DuQ1AxaxU,bkybbyepq@alibaba.com
928,swhilderpr,bB98vngF4o,cwyldespr@yelp.com
929,kcastanps,XrUq6p,tsarjantps@people.com.cn
930,sgarmanspt,SRiqyJfwYO,dweymanpt@ihg.com
931,atiliopu,j3AZ34,lbouttonpu@over-blog.com
932,jskarinpv,uUy3ltnz,rbeddallpv@issuu.com
933,agritsunovpw,fPrsOk6k,jallattpw@unicef.org
934,emccardlepx,KCnW3srg,ahamelpx@lycos.com
935,knorrespy,HUiGMJBU,bdelepinepy@ask.com
936,chuddlepz,9MHlpo9J,dluchellipz@storify.com
937,hgumeryq0,3CSlCZ,croderhamq0@skyrock.com
938,komaraq1,fLAUM0n,bhughlinq1@china.com.cn
939,bsalamanq2,LJ7veGgcV,ccamerelloq2@tripod.com
940,mstowgillq3,AwKJHDuz,vcorteisq3@pen.io
941,mmaginotq4,Zf4ZkHY,fwhitebreadq4@ucla.edu
942,dschulkinsq5,qjO5AIuSL,mlindwallq5@sun.com
943,ithiesq6,UNl9OrAvzoaE,crubinowitschq6@quantcast.com
944,jgeytonq7,qbmxVlAy,kfandrichq7@jimdo.com
945,oferrersq8,P7ZslU6,olampittq8@japanpost.jp
946,rchallensq9,oWSzeM,noldknowq9@lulu.com
947,ehurllqa,HZGUFZ,esemoradqa@ow.ly
948,smayzesqb,9YEU5yAQ,egorwoodqb@about.me
949,dspinkqc,cHmhrCgWzva,jcrutchfieldqc@irs.gov
950,mrudingerqd,7KOId0s,gstollardqd@psu.edu
951,tstraseqe,cjAwS9PcdI7,apowleyqe@army.mil
952,dstegellqf,Z64PR0A,hspoureqf@diigo.com
953,dkingswoodqg,iOeA3vOqu4,ggroomebridgeqg@soundcloud.com
954,rantoniettiqh,xWKdZY,nwoodfordqh@bravesites.com
955,eaddymanqi,IjyVuvX,cmcnabbqi@elpais.com
956,mhayworthqj,4XfVDJb9Ce,ysmallpeaceqj@123-reg.co.uk
957,sgaugeqk,kTdr5UXk2,oblundellqk@ehow.com
958,ewoodhamql,KTn74TwDe,ahubberql@macromedia.com
959,smoiseyqm,OoCFDfs,mduddellqm@auda.org.au
960,dmathiotqn,rt0k7NbJQ,draittqn@nasa.gov
961,nbyardqo,LD9Qb96TSBL0,amorrallqo@yelp.com
962,vkearleqp,OIoU9lqpd,tdublinqp@reference.com
963,rfrantzeniqq,z8jeeTX,dkillichqq@creativecommons.org
964,bvangeffenqr,cZ4ZSM3G2Fg,nhawtonqr@last.fm
965,belijahuqs,PjlrmExUN,gleonidaqs@ed.gov
966,gsegraveqt,hbj3wVxvzWZ8,smaltsterqt@angelfire.com
967,ahuetqu,LMWxx5,mswatlandqu@ox.ac.uk
968,jaubryqv,gPmrZx0,taugustineqv@weather.com
969,delijahqw,DRLd78PmecVF,apadleyqw@webeden.co.uk
970,bschapiroqx,Zknb8NK,byatesqx@youtube.com
971,pgodferyqy,puxE7h9x,ncastagnierqy@plala.or.jp
972,cmaddisonqz,9ak3nuY,nlambalqz@sun.com
973,hgelderdr0,l2YG3aaTt9,ckingscoter0@booking.com
974,adavior1,r2Tg7UyehcZ,tsackurr1@imdb.com
975,abloodworthr2,EJxCGo,dpetrour2@prweb.com
976,ljemmisonr3,fKeWCRc,rleopoldr3@is.gd
977,skulasr4,6eCrO1f,dmolloyr4@dropbox.com
978,ffilyushkinr5,z4W1zifSIjd,pmorrowr5@cdc.gov
979,rcaruthr6,HphxZBLrbYc,clambdenr6@army.mil
980,fvickr7,2PppGU,bhealeasr7@altervista.org
981,gguillotonr8,KSiI0nkCL,kdowzellr8@netvibes.com
982,mmatthewr9,DrF0dNqcql,jcohenr9@gravatar.com
983,bsievewrightra,7uej5fNky,ttapscottra@yolasite.com
984,vhurcomberb,QKnu4WbdSR1o,amarterb@loc.gov
985,tcallabyrc,wM3cwNmquCMt,nsiemonsrc@wordpress.com
986,dmayohrd,tt8Nc0,ddownerd@edublogs.org
987,ccoxonre,tSFkT2,zfeorere@mlb.com
988,slakendenrf,r8tcSNhY,psandercockrf@senate.gov
989,cyousefrg,f8aM7b,aanscomberg@newsvine.com
990,bpalmerrh,kJibRpW75C,amcmeekanrh@about.me
991,mleithri,qLZuXn2mAH,gspillmanri@github.io
992,dlutwidgerj,QHm0fvEa,acolkettrj@vk.com
993,otumayanrk,xepNvv,jmclleeserk@mashable.com
994,ncockrenrl,YKQmRibYH,esushamsrl@reverbnation.com
995,mnancerm,ah6jecMUk,gduffetrm@sohu.com
996,fwarbyrn,JdgxZC,idoorbarrn@dailymotion.com
997,crushro,k2AlpShMIsv,ntacklero@archive.org
998,rrawlencerp,m987gB0jrup,vsaltsbergerrp@cnet.com
999,hmeaderrq,IKiG60VLq,qbraidmanrq@sfgate.com
1000,cbeavanrr,Neklm3YUaEt,scockburnrr@constantcontact.com
